idcvlac,autor,nombre,tipo,verificado,nombre_comercial,contrato_registro,lugar,fecha,palabras,areas,sectores
0000975877,"CARLOS AUGUSTO ANDRADE ERASO, ANDRES EDUARDO MANTILLA ZARATE, JORGE ANDRES PRADA MEJIA, GERMAN CASTILLO SALAMANCA, LUZ ADRIANA PLAZAS PEMBERTHY, PEDRO LEON RIVERA WICHES, SISTEMA DE MONITOREO PERMANENTE DE PRESIÓN - TEMPERATURA EN FONDO DE POZO",MULTIPLE O SERIAL EN TIEMPO REAL,Otro,False,HERRAMIENTA PT DIRECCCIONAL,,Colombia,2016,No Aplica,No Aplica,No Aplica
0000975877,"CARLOS AUGUSTO ANDRADE ERASO, DAVID ARMANDO REVELO LUNA, ANDRES EDUARDO MANTILLA ZARATE, GERSON SAUL PEREZ MORA, GERMAN CASTILLO SALAMANCA, ALVARO PRADA VELASQUEZ, JORGE ANDRES PRADA MEJIA",SISTEMA Y MÉTODO PARA MEDICIÓN DEL CONTENIDO DE AGUA O CORTE DE AGUA EN MEZCLA DE PETRÓLEO/GAS-AGUA,Otro,False,SMART WATER CUT,,Colombia,2015,No Aplica,No Aplica,No Aplica
0000378631,WILLFRAND PEREZ URBANO,Nanotubos de carbono de multicapa,Otro,False,,,Colombia,2006,Nanotecnología;Nanotubos de carbono;PAPVD,"Ingeniería y Tecnología;Ingeniería de los Materiales;Compuestos (Laminados, Plásticos Reforzados, Fibra Sintéticas y Naturales), Ciencias Naturales;Ciencias Físicas;Física de Partículas y Campos",No Aplica
0000523496,"GUSTAVO EDUARDO CONSTAIN MORENO, MANUEL JOSE SANTIAGO PAJAJOYO, PAULA ANDREA MORA PEDREROS, ANDRES FABIAN ARIAS NORENA",GAMOTION,Otro,False,GAMOTION,,Colombia,2019,No Aplica,No Aplica,Educación
0000523496,"GUSTAVO EDUARDO CONSTAIN MORENO, MANUEL JOSE SANTIAGO PAJAJOYO, PAULA ANDREA MORA PEDREROS, ANDRES FABIAN ARIAS NORENA",SISTEMA MOOC CATEDRA DE PAZ,Otro,False,SISTEMA MOOC CATEDRA DE PAZ,,Colombia,2020,No Aplica,"Ciencias Sociales;Ciencias de la Educación;Educación General (Incluye Capacitación, Pedagogía)",Educación
0000523496,"GUSTAVO EDUARDO CONSTAIN MORENO, MANUEL JOSE SANTIAGO PAJAJOYO, PAULA ANDREA MORA PEDREROS, ANDRES FABIAN ARIAS NORENA",PLATAFORMA SOFTWARE OBSERVATORIO FILOSÓFICO VIRTUAL,Otro,False,PLATAFORMA SOFTWARE OBSERVATORIO FILOSÓFICO VIRTUAL,,Colombia,2020,No Aplica,"Ingeniería y Tecnología;Ingenierías Eléctrica, Electrónica e Informática;Ingeniería de Sistemas y Comunicaciones, Ciencias Sociales;Ciencias de la Educación;Educación General (Incluye Capacitación, Pedagogía)",Desarrollo de programas (software) y prestación de servicios en informática
0000523496,GUSTAVO EDUARDO CONSTAIN MORENO,Simulador de Física General,Otro,False,,,Colombia,2005,No Aplica,No Aplica,No Aplica
0000212440,JOSE WILDEMAN ORDONEZ VALVERDE,Apicultura de Alto Valor,Otro,False,,,Colombia,2007,Agropecuario;Organización de Información;Sistema de Información;Sistemas Integrales;Apicultura;Sistemas de Información Geográficos,"Ciencias Agrícolas;Agricultura, Silvicultura y Pesca;Agronomía","Agricultura, pecuaria, silvicultura, explotación forestal, Desarrollo de programas (software) y prestación de servicios en informática, Desarrollo rural"
0000267244,"NELSON VIVAS QUILA, HORACIO RENE BADOS","Evaluación del comportamiento productivo y resistencia a varroa de 3 reinos de abejas Apis mellifera, seleccionadas de los apiarios del Cauca y una introducida",Otro,False,,,Colombia,2004,No Aplica,Ciencias Agrícolas;Ciencias Veterinarias;Ciencias Veterinarias,No Aplica
0000347485,"SANDRA MORALES VELASCO, NELSON VIVAS QUILA","Creacción de un escenario de investigación , con el fin de integrar investigacion, conservación y producción",Otro,False,,,Colombia,2004,Ecologia;Desarrollo sostenible,Ciencias Naturales;Ciencias Biológicas;Ecología,"Productos y servicios para la defensa y protección del medio ambiente, incluyendo el desarrollo sostenible."
0000347485,SANDRA MORALES VELASCO,Creación de Un Arboretum en ñla Facultad de Ciencias Agropecuarias,Otro,False,,,Colombia,2005,Materias Primas;Planificación,Ciencias Naturales;Ciencias Biológicas;Ecología,"Productos y servicios para la defensa y protección del medio ambiente, incluyendo el desarrollo sostenible."
0000347485,"SANDRA MORALES VELASCO, NELSON VIVAS QUILA","ASPECTOS REPRODUCCITIVO DEL Helix aspersa, como opcion de zoocria en la Facultad de Ciencias Agropecuarias",Otro,False,,,Colombia,2004,PRODUCCION,Ciencias Naturales;Ciencias Biológicas;Ecología,"Productos y servicios para la defensa y protección del medio ambiente, incluyendo el desarrollo sostenible."
0000347485,"SANDRA MORALES VELASCO, NELSON VIVAS QUILA, JHON FREDDY GUTIERREZ SOLIS",Diseño de un Biofiltro con Poaceaes para la fitodepuración de aguas en sistemas agropecuarios,Otro,False,,,Colombia,2018,AGUAS;AMBIENTE;Remoción;Porcicultura,Ciencias Agrícolas;Otras Ciencias Agrícolas;Otras Ciencias Agrícolas,"Productos y servicios para la defensa y protección del medio ambiente, incluyendo el desarrollo sostenible."
0000374156,HECTOR SAMUEL VILLADA CASTILLO,Formulación de Proyectos- Ministerio de Agricultura y Desarrollo Rural,Base de datos de referencia para investigacion,False,,,Colombia,2008,No Aplica,No Aplica,No Aplica
0000374156,HECTOR SAMUEL VILLADA CASTILLO,Buenas Prácticas de Formulación de Proyectos,Base de datos de referencia para investigacion,False,,,Colombia,2007,No Aplica,No Aplica,No Aplica
0000374156,HECTOR SAMUEL VILLADA CASTILLO,Seminario Internacional de Agroindustria,Otro,False,,,Colombia,2012,No Aplica,No Aplica,No Aplica
0001380950,FREDY EDUARDO LOPEZ DAZA,24 Diagnósticos de trapiches paneleros pilotos,Otro,False,24 Diagnósticos de trapiches paneleros pilotos,Contrato de Consultoria N° 223,Colombia,2007,No Aplica,No Aplica,No Aplica
0001380950,FREDY EDUARDO LOPEZ DAZA,Establecimiento de Bosques endoenergéticos en 200 fincas de productores de panela,Otro,False,Bosques Endoenergeticos,No Aplica,Colombia,2009,No Aplica,No Aplica,No Aplica
0001380950,FREDY EDUARDO LOPEZ DAZA,Introducción de nuevas variedades de caña para la producción de panela,Otro,False,Variedades de caña para panela en el Cauca,No aplica,Colombia,2009,No Aplica,No Aplica,No Aplica
0001380950,FREDY EDUARDO LOPEZ DAZA,Diseños y planos para la construcción de cuatro trapiches paneleros,Otro,False,Diseños y Planos de Trapiches Paneleros,No aplica,Colombia,2009,No Aplica,No Aplica,No Aplica
0001380950,FREDY EDUARDO LOPEZ DAZA,Construcción de cuatro trapiches paneleros,Otro,False,Adecuación de Trapiches Paneleros,No Aplica,Colombia,2009,No Aplica,No Aplica,No Aplica
0001380950,FREDY EDUARDO LOPEZ DAZA,24 listas de chequeo,Otro,False,Documento Listas de Cheque para Trapiches Paneleros,Contrato de Consultoria 223,Colombia,2007,No Aplica,No Aplica,No Aplica
0001380950,FREDY EDUARDO LOPEZ DAZA,"Plan de manejo técnico ambiental para la agroindustria panelera, en el sur del Cauca",Otro,False,Plan de Manejo Técnico Ambiental,No Aplica,Colombia,2008,No Aplica,No Aplica,No Aplica
0001380950,FREDY EDUARDO LOPEZ DAZA,"Planes de manejo higiénico, sanitario ambiental",Otro,False,"Planes de manejo higiénico, sanitario ambiental",CONTRATO DE CONSULTORÍA N° 223,Colombia,2007,No Aplica,No Aplica,No Aplica
0001380950,FREDY EDUARDO LOPEZ DAZA,Diseño de hornillas paneleras para 21 centros productivos,Otro,False,Diseño hornillas paneleras,No Aplica,Colombia,2008,No Aplica,No Aplica,No Aplica
0001380950,FREDY EDUARDO LOPEZ DAZA,Distribución en planta de 21 centros paneleros,Otro,False,Diseños de trapiches paneleros,No Aplica,Colombia,2008,No Aplica,No Aplica,No Aplica
0001380950,FREDY EDUARDO LOPEZ DAZA,Modelo virtual para la adecuación de la agroindustria panelera,Otro,False,Modelo virtual para la adecuación de la agroindustria panelera,No Aplica,Colombia,2007,No Aplica,No Aplica,No Aplica
0001380950,FREDY EDUARDO LOPEZ DAZA,24 Propuestas para el mejoramiento de los trapiches pilotos,Otro,False,Propuestas de Mejoramiento para Trapiches Paneleos Pilotos,No Aplica,Colombia,2007,No Aplica,No Aplica,No Aplica
0001380950,FREDY EDUARDO LOPEZ DAZA,"Planos de construcción, incluyendo el estructural, hidráulico y sanitario, para trapiches Paneleros Pilotos",Otro,False,Diseños y Palnos de trapiches paneleros,NoAplica,Colombia,2007,No Aplica,No Aplica,No Aplica
0000639893,SONIA DEL CONSUELO GAVIRIA ARMERO,PROTOCOLO DE CERTIFICACION EN COMERCIO JUSTO PARA LA ASOCIACION DE PRODUCTORES AGROPECURARIOS DEL ROSARIO CAJIBIO - NUEVA INTEGRACION - ASPROANIN,Otro,False,PROTOCOLO DE CERTIFICACION,10-11-2007 - No aplica. Restricción de no patentamiento ni registro,Colombia,2007,No Aplica,No Aplica,No Aplica
0000639893,SONIA DEL CONSUELO GAVIRIA ARMERO,MODELO DE GESTIÓN PARTICIPATIVA PARA LA ASOCIACION DE MUJERES CAFICULTORAS DEL CAUCA - AMUCC,Otro,False,MODELO DE GESTION PARTICIPATIVA AMUCC,No aplica. ,Colombia,2008,No Aplica,No Aplica,No Aplica
0000639893,SONIA DEL CONSUELO GAVIRIA ARMERO,PROTOCOLO DE CERTIFICACION EN COMERCIO JUSTO PARA LA ASOCIACIÓN DE MUJERES CAFICULTORAS DEL CAUCA AMUCC,Otro,False,PROTOCOLO DE CERTIFICACION,No aplica. Convenio de no registro,Colombia,2007,No Aplica,No Aplica,No Aplica
0000247243,MARIA ELENA SOLARTE CRUZ,ssss,Gen Clonado,False,fasdf,,Colombia,2014,No Aplica,No Aplica,No Aplica
0000734438,"PAOLA ANDREA TOVAR TOVAR, GILLERMO MAMBAGUE PINIMUE, PATRICIA VILLAMARIN, ELIZABETH TABARES TRUJILLO",Analisis e identificacion de los restos oseos de Franciaso Jose de Caldas,Otro,False,,,Colombia,2007,antropologia forense;antropologia biologica;bioarqueologia,"Humanidades;Historia y Arqueología;Arqueología, Ciencias Sociales;Sociología;Antropología",Educación
0000272140,"CAROLINA DEL CAIRO SILVA, ASTRID LORENA PERAFAN LEDEZMA",Cartilla: Recorriendo los caminos de la Bota Caucana y el Macizo Colombiano.,Otro,False,,,Colombia,2001,Memoria Social Agrícola;colonización;grupos indígenas;territorio;Proyectos productivos;Producción y comercialización,Ciencias Sociales;Sociología;Antropología,No Aplica
0000011347,MARIO FRANCISCO DELGADO NOGUERA,Conferencia Seminario Taller de Investigación Biomédica,Otro,False,,,Colombia,2009,No Aplica,No Aplica,No Aplica
0000816620,"HECTOR EMILIO RAMIREZ CHAVES, INGRITH YULIANI MEJIA FONTECHA, DANIELA VELASQUEZ GUARIN, NESTOR DANIEL CASTANO RAMIREZ","Colección de Mamíferos (Mammalia) del Museo de Historia Natural de la Universidad de Caldas, Colombia",Coleccion biologica de referencia con informacion sistematizada,False,,,Colombia,2017,No Aplica,"Ciencias Naturales;Ciencias Biológicas;Zoología, Ornitología, Entomología, Ciencias Biológicas del Comportamiento",No Aplica
0000816620,"JOSE JAIME HENAO OSORIO, HECTOR EMILIO RAMIREZ CHAVES","Colección Ictiológica del Museo de Historia Natural, Universidad de Caldas",Coleccion biologica de referencia con informacion sistematizada,False,,,Colombia,2019,No Aplica,"Ciencias Naturales;Ciencias Biológicas;Zoología, Ornitología, Entomología, Ciencias Biológicas del Comportamiento",No Aplica
0000816620,"MATEO ORTIZ GIRALDO, HECTOR EMILIO RAMIREZ CHAVES, WILLIAM DAVID TOBON ESCOBAR, DANIELA VELASQUEZ GUARIN, INGRITH YULIANI MEJIA FONTECHA, FREDY ARVEY RIVERA PAEZ, PAULA ANDREA OSSA LOPEZ","Museo de Historia Natural, Colección de Vertebrados e Invertebrados - Colección de Ectoparásitos, Universidad de Caldas",Coleccion biologica de referencia con informacion sistematizada,False,,,Colombia,2019,No Aplica,No Aplica,No Aplica
0001004654,DANIEL RODRIGO ORTEGA ALEGRIA,Ultracavitación,Otro,False,Ultracavitación,,Colombia,2011,Cavitacion;cavitation;Piezoelectrico;ultrasonic;ultrasound,Ciencias Médicas y de la Salud;Otras Ciencias Médicas;Otras Ciencias Médicas,Fabricación de equipos de instrumentación médico
0001004654,DANIEL RODRIGO ORTEGA ALEGRIA,Scrubber Prismatec,Otro,False,Scrubber Prismatec,,Colombia,2013,Cavitacion;cavitation;Piezoelectrico;ultrasonic;ultrasound,No Aplica,No Aplica
0001004654,DANIEL RODRIGO ORTEGA ALEGRIA,Ultrasonido de 1 Mhz,Otro,False,Ultrasonido de 1 Mhz,,Colombia,2011,Cavitacion;ultrasound;Piezoelectrico;cavitation;ultrasonic,No Aplica,No Aplica
0001004654,DANIEL RODRIGO ORTEGA ALEGRIA,Sistema SW HW TMP Versión 3.4,Otro,False,Sistema SW HW TMP Versión 3.4,,Colombia,2017,No Aplica,No Aplica,Fabricación de material electrónico y de aparatos y equipos de comunicación
0001004654,DANIEL RODRIGO ORTEGA ALEGRIA,Ultrasonido Dual,Otro,False,Ultrasonido Dual,,Colombia,2010,Cavitacion;ultrasound,Ciencias Médicas y de la Salud;Biotecnología en Salud;Biotecnología Relacionada con la Salud,No Aplica
0001004654,DANIEL RODRIGO ORTEGA ALEGRIA,Láser No Invasivo,Otro,False,Láser No Invasivo,,Colombia,2012,No Aplica,"Ciencias Médicas y de la Salud;Biotecnología en Salud;Biomateriales (Relacionados con Implantes, Dispositivos, Sensores)",No Aplica
0000035637,MARTHA LUCIA OROZCO GUTIERREZ,CONTROL AUTOMÁTICO DE DESVIACIÓN DE ENERGÍA DESDE EL CENTRO DE SUPERVISIÓN Y MANIOBRA DE EPSA,Otro,False,No es un producto comercial aun- fue realizado para EPSA,00008881201,Colombia,2009,No Aplica,No Aplica,No Aplica
0000394718,"IVAN DARIO LOPEZ GOMEZ, ALBERTO NARANJO CARVAJAL, JUAN FERNANDO ROJAS RODRIGUEZ",Piso plástico para la industria porcícola mediante la tecnología de inyección con agente espumante,Otro,False,,,Colombia,2010,Inyección de termoplásticos;Agente espumante,Ingeniería y Tecnología;Ingeniería Mecánica;Ingeniería Mecánica,Fabricación de productos químicos
0000394718,"IVAN DARIO LOPEZ GOMEZ, ALBERTO NARANJO CARVAJAL, JUAN FERNANDO CAMPUZANO VALLEJO",Autoparte Guarnecido de Cofre H79: Pieza y su molde,Otro,False,,,Colombia,2015,Autoparte;Inyección de termoplásticos,Ingeniería y Tecnología;Ingeniería Mecánica;Ingeniería Mecánica,Fabricación de productos químicos
0000394718,IVAN DARIO LOPEZ GOMEZ,Autoparte Absorbedor de choque delantero: Pieza y su molde,Otro,False,Absorbedor de choque delantero,,Colombia,2015,No Aplica,No Aplica,No Aplica
0000394718,"IVAN DARIO LOPEZ GOMEZ, ALBERTO NARANJO CARVAJAL, JUAN CARLOS ORTIZ PIMIENTA, DIANA MARIA ANGEL MONTOYA",Dosificador para dispensar sustancias en líquidos,Otro,False,,,Colombia,2015,Dosificador;Liberación prolongada;Sustancias en líquidos,Ciencias Médicas y de la Salud;Ciencias de la Salud;Salud Pública,Fabricación de productos químicos
0000394718,"IVAN DARIO LOPEZ GOMEZ, ALBERTO NARANJO CARVAJAL, JUAN FERNANDO CAMPUZANO VALLEJO",Autoparte absorbedor de choque delantero y trasero: Pieza y su molde,Otro,False,,,Colombia,2015,Autoparte,Ingeniería y Tecnología;Ingeniería Mecánica;Ingeniería Mecánica,Fabricación de productos químicos
0000394718,IVAN DARIO LOPEZ GOMEZ,Autoparte Absorbedor de choque trasero: Pieza y su molde,Otro,False,Absorbedor de choque trasero,,Colombia,2015,No Aplica,No Aplica,No Aplica
0000394718,"IVAN DARIO LOPEZ GOMEZ, ALBERTO NARANJO CARVAJAL, SERGIO ANDRES SUAREZ VELEZ, ALBERTO NARANJO CARVAJAL",Autoparte Refuerzo de gaveta: pieza y su molde,Otro,False,Refuerzo de gaveta para H79,,Colombia,2013,Autoparte;Diseño de moldes;Diseño de piezas,Ingeniería y Tecnología;Ingeniería Mecánica;Ingeniería Mecánica,Fabricación de productos químicos
0000394718,"IVAN DARIO LOPEZ GOMEZ, ALBERTO NARANJO CARVAJAL, SERGIO ANDRES SUAREZ VELEZ, ALBERTO NARANJO CARVAJAL",Autoparte Brazo de gaveta: pieza y su molde,Otro,False,Brazo de gaveta para H79,,Colombia,2013,No Aplica,Ingeniería y Tecnología;Ingeniería Mecánica;Ingeniería Mecánica,Fabricación de productos químicos
0000394718,"IVAN DARIO LOPEZ GOMEZ, ALBERTO NARANJO CARVAJAL, SERGIO ANDRES SUAREZ VELEZ, ALBERTO NARANJO CARVAJAL",Autoparte Manija de gaveta: pieza y su molde,Otro,False,Manija de gaveta para H79,,Colombia,2013,No Aplica,Ingeniería y Tecnología;Ingeniería Mecánica;Ingeniería Mecánica,Fabricación de productos químicos
0000394718,"IVAN DARIO LOPEZ GOMEZ, ALBERTO NARANJO CARVAJAL, SERGIO ANDRES SUAREZ VELEZ, ALBERTO NARANJO CARVAJAL",Autoparte Cubierta de gaveta: pieza y su molde,Otro,False,Cubierta de gaveta para H79,,Colombia,2013,Autoparte;Diseño de moldes;Diseño de piezas,Ingeniería y Tecnología;Ingeniería Mecánica;Ingeniería Mecánica,Fabricación de productos químicos
0000394718,"IVAN DARIO LOPEZ GOMEZ, ALBERTO NARANJO CARVAJAL, SERGIO ANDRES SUAREZ VELEZ, ALBERTO NARANJO CARVAJAL",Autoparte Gancho de gaveta: pieza y su molde,Otro,False,Gancho de gaveta para H79,,Colombia,2013,Autoparte;Diseño de moldes;Diseño de piezas,Ingeniería y Tecnología;Ingeniería Mecánica;Ingeniería Mecánica,Fabricación de productos químicos
0000394718,"IVAN DARIO LOPEZ GOMEZ, ALBERTO NARANJO CARVAJAL, ALBERTO NARANJO CARVAJAL",Tapa roscada. Pieza y molde rediseñados,Otro,False,Tapa roscada,,Colombia,2014,Diseño de moldes;Diseño de piezas,Ingeniería y Tecnología;Ingeniería Mecánica;Ingeniería Mecánica,Fabricación de productos químicos
0000394718,"IVAN DARIO LOPEZ GOMEZ, ALBERTO NARANJO CARVAJAL, JUAN CARLOS ORTIZ PIMIENTA",Dispositivo dosificador prolongado y controlado,Otro,False,Dispositivo dosificador prolongado y controlado,,Colombia,2017,No Aplica,Ciencias Médicas y de la Salud;Ciencias de la Salud;Salud Pública,Salud humana
0000394718,"ALEXANDER HERNANDEZ MUNOZ, IVAN DARIO LOPEZ GOMEZ, MARIA DEL PILAR NORIEGA ESCOBAR",Superficie para intercambio de sustancias en estado gaseoso,Otro,False,Superficie para intercambio de sustancias en estado gaseoso,,Colombia,2017,Conservación;Preservación;Contenedor;Intercambio de gases;Gaseous substance;Surface for exchanging,Ingeniería y Tecnología;Otras Ingenierías y Tecnologías;Alimentos y Bebidas,Fabricación de productos químicos
0000394718,"ALEXANDER HERNANDEZ MUNOZ, IVAN DARIO LOPEZ GOMEZ",Sello de sostenibilidad LOOP,Otro,False,Sello de sostenibilidad LOOP,,Colombia,2020,No Aplica,No Aplica,No Aplica
0000394718,"JUAN CAMILO ESTEFAN ANGEL, IVAN DARIO LOPEZ GOMEZ, ALEJANDRO SERNA ESCOBAR, GABRIEL JAIME OSORIO HERNANDEZ",Sistema para el monitoreo remoto de gases al interior de contenedores,Otro,False,Sistema para el monitoreo remoto de gases al interior de contenedores,,Colombia,2018,Gases;Contenedor;Monitoreo remoto,"Ingeniería y Tecnología;Ingeniería Ambiental;Sensores Remotos, Ingeniería y Tecnología;Otras Ingenierías y Tecnologías;Otras Ingenierías y Tecnologías",Fabricación de material electrónico y de aparatos y equipos de comunicación
0000394718,"JUAN CAMILO ESTEFAN ANGEL, IVAN DARIO LOPEZ GOMEZ",Dispositivo sensor que permite la medición de concentración de gases al interior de contenedores,Otro,False,Dispositivo sensor que permite la medición de concentración de gases al interior de contenedores,,Colombia,2018,Concentración de gases;Contenedor;Sensor,"Ingeniería y Tecnología;Ingeniería Ambiental;Sensores Remotos, Ingeniería y Tecnología;Otras Ingenierías y Tecnologías;Alimentos y Bebidas, Ingeniería y Tecnología;Otras Ingenierías y Tecnologías;Otras Ingenierías y Tecnologías",Fabricación de material electrónico y de aparatos y equipos de comunicación
0000232610,LUIS ERNESTO GARRETA UNIGARRO,Desarrollo de un predictor gráfico altamente configurable para genes de diversos organismos,Otro,False,Genezilla-Graphics,,Colombia,2011,Predicción de genes;Bioinformática,Ciencias Naturales;Computación y Ciencias de la Información;Ciencias de la Información y Bioinformática,Salud humana
0000232610,LUIS ERNESTO GARRETA UNIGARRO,Computational folding pathway analysis for proteins containing beta barrels,Otro,False,GeoFold,,Estados Unidos,2013,Diseño de Proteínas;Bioinformática,Ciencias Naturales;Computación y Ciencias de la Información;Ciencias de la Información y Bioinformática,Salud humana
0000232610,LUIS ERNESTO GARRETA UNIGARRO,"Optimización de la la predicción de genes de organismos eucariotas, aplicando árboles de decisión y redes bayesianas",Otro,False,Optimizador de Genezilla-Graphics,,Colombia,2011,Bioinformática;Predicción de genes;Aprendizaje de Máquina,Ciencias Naturales;Computación y Ciencias de la Información;Ciencias de la Información y Bioinformática,Salud humana
0001420545,MARITZA FERNANDA MERA GAONA,ALGORITMO DE CLASIFICACIÓN DE SEÑALES DE ELECTROENCEFALOGRAFIA Y DATOS CLINICOS PARA SOPORTAR EL DIAGNOSTICO DE LA EPILEPSIA,Otro,False,ALGORITMO DE CLASIFICACIÓN DE SEÑALES DE ELECTROENCEFALOGRAFÍA (EEG) Y DATOS CLÍNICOS RELEVANTES PARA SOPORTAR EL DIAGNÓSTICO DE LA EPILEPSIA,,No Aplica,2019,No Aplica,No Aplica,No Aplica
0000283860,PABLO MAGE IMBACHI,"Módulos de Abonado de Prueba, MAP NEAX 61S",Otro,False,,,Colombia,1994,No Aplica,No Aplica,No Aplica
0000283860,PABLO MAGE IMBACHI,Sistema de Desarrollo Integrado SDI 85,Otro,False,,,Colombia,1993,No Aplica,No Aplica,No Aplica
0000283860,PABLO MAGE IMBACHI,Actualización de la Telegrafía Nacional ATN,Otro,False,,,Colombia,1995,No Aplica,No Aplica,No Aplica
0000040363,CONSUELO MONTES ROJAS,Acervo,Base de datos de referencia para investigacion,False,,,Colombia,2000,Biotecnología;Ciencia y tecnologia,"Ciencias Naturales;Ciencias Biológicas;Botánica y Ciencias de las Plantas, Ciencias Agrícolas;Agricultura, Silvicultura y Pesca;Agronomía",Desarrollo de programas (software) y prestación de servicios en informática
0001131001,"SOCORRO ANAYA FLOREZ, MARGARITA CHAGUENDO, DORA ENITH TOBAR TOSSE",PLANTULAS DE ORQUIDEAS IN VITRO,Otro,False,,,Colombia,2006,BIOTECNOLOGIA;CULTIVO IN VITRO;ORUIDEAS,Ciencias Naturales;Ciencias Biológicas;Otras Biologías,No Aplica
0001131001,DORA ENITH TOBAR TOSSE,PROGRAMA DE RECICLAJE DE RESIDUOS SOLIDOS,Otro,False,,,Colombia,2005,MEDIO AMBIENTE;RECICLAJE,"Ciencias Sociales;Sociología;Temas Especiales (Estudios de Género, Temas Sociales, Estudios de la Familia), Ciencias Sociales;Ciencias de la Educación;Educación General (Incluye Capacitación, Pedagogía)",No Aplica
0000245968,ROMAN OSPINA MONTEALEGRE,especies forestales asociadas a los guaduales: Guia de campo para la identificación taxonómica,Otro,False,,,Colombia,2006,No Aplica,No Aplica,No Aplica
0001008269,ALEXANDER ZUNIGA COLLAZOS,"Sinteis de un fertilizante foliar a partir de un residuo industrial, La Vinaza.",Otro,False,,,Colombia,2000,No Aplica,"Ciencias Naturales;Ciencias Químicas;Química Orgánica, Ciencias Sociales;Economía y Negocios;Negocios y Management",No Aplica
0000170585,ISABEL DEL SOCORRO BRAVO REALPE,"100 fichas técnicas sobre evaluación física, química y biológica de suelos con su respectiva recomendación",Otro,False,,,Colombia,2004,chontaduro;Suelos;Análisis de suelos;Análisis físicos;químicos y biológicos,"Ciencias Naturales;Ciencias Químicas;Química Orgánica, Ciencias Naturales;Ciencias Biológicas;Biología Celular y Microbiología","Productos y servicios para la defensa y protección del medio ambiente, incluyendo el desarrollo sostenible."
0000170585,ISABEL DEL SOCORRO BRAVO REALPE,Aprendiendo de nuestro recurso suelo,Otro,False,,,Colombia,2004,Microroganismos Solubilizadores de fósforo;Suelos;CARACTERIZACION;caldos microbianos,"Ciencias Naturales;Ciencias Biológicas;Biología Celular y Microbiología, Ciencias Naturales;Ciencias Químicas;Química Orgánica","Productos y servicios para la defensa y protección del medio ambiente, incluyendo el desarrollo sostenible."
0000170585,ISABEL DEL SOCORRO BRAVO REALPE,Guía practica para el cultivo de peces con sustitución parcial de concentrado comercial por lombriz roja californiana,Otro,False,,,Colombia,2001,Lombriz Roja Californiana;Pellet;Peces;Concentrado para peces,Ciencias Naturales;Ciencias Químicas;Química Orgánica,"Productos y servicios para la defensa y protección del medio ambiente, incluyendo el desarrollo sostenible."
0000170585,ISABEL DEL SOCORRO BRAVO REALPE,Guía practica para la elaboración de Abonos a partir de desechos agropecuarios,Otro,False,,,Colombia,2001,Lombriz Roja Californiana;Lombricompuesto;Bioabonos;ABONOS ORGANICOS,Ciencias Naturales;Ciencias Químicas;Química Orgánica,"Productos y servicios para la defensa y protección del medio ambiente, incluyendo el desarrollo sostenible."
0000642452,"SORY ALEXANDER MORALES FERNANDEZ, CARLOS HERNAN PARDO ROA, GUSTAVO ADOLFO RODRIGUEZ DUQUE",Intervención Colegio Antonio Garcia Paredes. Popayán,Otro,False,,,Colombia,2010,DESARROLLO ESCOLAR;REVITALIZACION ARQUITECTONICA;HABITAT ESCOLAR,Humanidades;Arte;Arquitectura y Urbanismo,"Planeamiento y gestión de las ciudades, incluso política y planeamiento de vivienda"
0000642452,"SORY ALEXANDER MORALES FERNANDEZ, INGRID ALEJANDRA BOLANOS, DIANA MILENA RAMIREZ, PABLO ANDRES MURCIA",Diseño Paisajístico Parque No 2 de la ciudadela Futuro Las Guacas,Otro,False,Parque No 2 Ciudad Futuro Las Guacas,sin numero Octubre 31 de 2007,Colombia,2008,PAISAJISMO;PARQUE,Humanidades;Arte;Arquitectura y Urbanismo,"Desarrollo Urbano, Productos y servicios para la defensa y protección del medio ambiente, incluyendo el desarrollo sostenible."
0000642452,"SORY ALEXANDER MORALES FERNANDEZ, GUSTAVO ADOLFO RODRIGUEZ DUQUE, CARLOS HERNAN PARDO ROA","Diagnóstico Sector Educativo de Popayán. Comunas 6,7 y 9.",Otro,False,,,Colombia,2010,HABITAT ESCOLAR;REVITALIZACION ARQUITECTONICA;DESARROLLO ESCOLAR,Humanidades;Arte;Arquitectura y Urbanismo,"Planeamiento y gestión de las ciudades, incluso política y planeamiento de vivienda"
0000642452,"SORY ALEXANDER MORALES FERNANDEZ, CARLOS HERNAN PARDO ROA, GUSTAVO ADOLFO RODRIGUEZ DUQUE","Consideraciones para estudio y aplicación de futuras intervenciones. Instituciones Educativas:Antonio Garcia Paredes, El Mirador,Jose Eusebio Caro y Metropolitano Maria Occidente. Popayán",Otro,False,Consideraciones para estudio y aplicación de futuras intervenciones Instituciones Educativas-Popayán.,,Colombia,2010,DESARROLLO ESCOLAR;HABITAT ESCOLAR;REVITALIZACION ARQUITECTONICA,Humanidades;Arte;Arquitectura y Urbanismo,"Planeamiento y gestión de las ciudades, incluso política y planeamiento de vivienda"
0000642452,"SORY ALEXANDER MORALES FERNANDEZ, CLAUDIA LORENA PAREDES, ARTEMIO DOMINGUEZ, MARIO GAVIRIA",Diseño paisajístico del Parque No 1. Ciudad Futuro Las Guacas.,Otro,False,Parque No 1 Ciudad Futuro Las Guacas,sin numero Octubre 31 de 2007,Colombia,2008,PARQUE;PAISAJISMO,Humanidades;Arte;Arquitectura y Urbanismo,"Desarrollo Urbano, Productos y servicios para la defensa y protección del medio ambiente, incluyendo el desarrollo sostenible."
0000642452,SORY ALEXANDER MORALES FERNANDEZ,Creación banco de Datos de la Secretaria de Planeación,Otro,False,Creación banco de datos y proyectos de vivienda de interes social Funes,27-11-2009,Colombia,2009,NORMATIVIDAD URBANA;POLITICA PUBLICA;VIVIENDA SOCIAL,Ciencias Sociales;Geografía Social y Económica;Estudios Urbanos (Planificación y Desarrollo),"Desarrollo Urbano, Planeamiento y gestión de las ciudades, incluso política y planeamiento de vivienda"
0000642452,SORY ALEXANDER MORALES FERNANDEZ,Diagnóstico del estado actual de la Vivienda en el Municipio de Funes.,Otro,False,Diagnostico vivienda urbana Funes Nariño,27-11-2009,Colombia,2009,VIVIENDA SOCIAL;VIVIENDA UNIFAMILIAR,Ciencias Sociales;Geografía Social y Económica;Estudios Urbanos (Planificación y Desarrollo),"Desarrollo Urbano, Planeamiento y gestión de las ciudades, incluso política y planeamiento de vivienda"
0000642452,"SORY ALEXANDER MORALES FERNANDEZ, CLAUDIA LORENA PAREDES, CARLOS ALBERTO GOMEZ",Diseño Parque de la Expresión. Popayán.,Otro,False,,,Colombia,2009,DISEÑO;PARQUE;BIBLIOTECA;LUDOTECA;VEGETACION,Humanidades;Arte;Arquitectura y Urbanismo,Desarrollo Urbano
0000676705,"JUAN CARLOS OLIVAR CASTILLO, FABIAN OSWALDO ALEGRIA AGREDO, PABLO ANDRES CHAVEZ TORRES",Propuesta Arquitectónica Barrio Las Palmas. Timbio-Cauca,Otro,False,,,Colombia,2010,Vivienda;Habitabilidad;Comunidad;Bajo costo;Sistema constructivo,Humanidades;Arte;Arquitectura y Urbanismo,"Desarrollo Urbano, Planeamiento y gestión de las ciudades, incluso política y planeamiento de vivienda, Productos y servicios para la defensa y protección del medio ambiente, incluyendo el desarrollo sostenible."
0000676705,"JUAN CARLOS OLIVAR CASTILLO, FABIAN OSWALDO ALEGRIA AGREDO, PABLO ANDRES CHAVEZ TORRES",Análisis de la vivienda social en Timbio. Cauca.,Otro,False,,,Colombia,2010,Vivienda;Habitabilidad;Comunidad;Sistema constructivo;Bajo costo,Humanidades;Arte;Arquitectura y Urbanismo,"Desarrollo Urbano, Planeamiento y gestión de las ciudades, incluso política y planeamiento de vivienda, Productos y servicios para la defensa y protección del medio ambiente, incluyendo el desarrollo sostenible."
0000676705,"JUAN CARLOS OLIVAR CASTILLO, OLVER GARCES","Diseño urbano para la recuperación del espacio público en el sector comprendido entre la calle 2 y 8, en La Dorada Putumayo.",Otro,False,Diseño Espacio Público. La Dorada Putumayo,,Colombia,2011,Diseño del paisaje;Espacio publico;Diagnóstico;Recuperación,Humanidades;Arte;Arquitectura y Urbanismo,"Desarrollo Urbano, Productos y servicios para la defensa y protección del medio ambiente, incluyendo el desarrollo sostenible."
0000676705,"JUAN CARLOS OLIVAR CASTILLO, MAURICIO PECHENE",Análisis del sector del barrio Rosario inmediaciones de la central de sacrificios Piendamó Cauca.,Otro,False,ANALISIS BARRIO EL ROSARIO -PIENDAMO,,Colombia,2011,No Aplica,Humanidades;Arte;Arquitectura y Urbanismo,"Desarrollo Urbano, Productos y servicios para la defensa y protección del medio ambiente, incluyendo el desarrollo sostenible."
0000676705,"JUAN CARLOS OLIVAR CASTILLO, MAURICIO PECHENE",Diagnóstico de sector del barrio rosario inmediaciones de la central de sacrificios Piendamó Cauca.,Otro,False,DIAGNOSTICO BARRIO EL ROSARIO-PIENDAMO CAUCA,,Colombia,2011,Diseño del paisaje;Diseño de espacio publico,Humanidades;Arte;Arquitectura y Urbanismo,"Desarrollo Urbano, Productos y servicios para la defensa y protección del medio ambiente, incluyendo el desarrollo sostenible."
0000676705,"JUAN CARLOS OLIVAR CASTILLO, MAURICIO PECHENE","Propuesta de diseño urbano paisajístico, para la intervención del entorno inmediato a la central de sacrificios del municipio de Piendamó cauca.",Otro,False,"Diseño urbano paisajístico, entorno inmediato a la central de sacrificios del municipio de Piendamó cauca.",,Colombia,2011,"Arquitectura y Paisaje,;Diseño de espacio publico",Humanidades;Arte;Arquitectura y Urbanismo,"Desarrollo Urbano, Productos y servicios para la defensa y protección del medio ambiente, incluyendo el desarrollo sostenible."
0000676705,"JUAN CARLOS OLIVAR CASTILLO, RODRIGO CASTRO, CESAR RODRIGO PALTA ESPINOSA, YUCED GAVIRIA NARVAEZ",Proyecto- Diseño de infraestructura arquitectonica sede de Bomberos en Santander de Quilichao.,Otro,False,,,Colombia,2011,Proyectos;diseño;bomberos;arquitectonico,Humanidades;Arte;Arquitectura y Urbanismo,Actividades de asesoramiento y consultoría a las empresas
0000676705,JUAN CARLOS OLIVAR CASTILLO,Levantamiento planimetrico y altimetrico de la infraestructura arquitectonica patrimonial existente sede de Bomberos Santander de Quilichao - Cauca.,Otro,False,,,Colombia,2011,No Aplica,No Aplica,No Aplica
0000676705,"JUAN CARLOS OLIVAR CASTILLO, YUCED GAVIRIA NARVAEZ, CESAR RODRIGO PALTA ESPINOSA, RODRIGO CASTRO",Analisis ambiental cualitativo del sector urbano de la estacion de Bomberos de Santander de Quilichao - Cauca.,Otro,False,,,Colombia,2011,analisis;ambiental;bomberos;cualitativo,Humanidades;Arte;Arquitectura y Urbanismo,Actividades de asesoramiento y consultoría a las empresas
0000676705,JUAN CARLOS OLIVAR CASTILLO,Diagnostico ambiental cualitativo del sector urbano de la Estacion de Bomberos en Santander de Quilichao - Cauca.,Otro,False,,,Colombia,2011,Diagnostico ambiental cualitativo Bomberos,Humanidades;Arte;Arquitectura y Urbanismo,No Aplica
0000676705,"JUAN CARLOS OLIVAR CASTILLO, WILLIAM CHANTRE MENDEZ, JULIAN ANDRES FERNANDEZ PARRA, INGRID MARCELA MONTILLA","Diseño de infraestructura arquitectonica y paisajistica del acceso y zona de alojamiento fiscales del centro penitenciario epa,cas establecimineto penitencairio de alta y mediana seguridad y carcelario con alta seguridad de Popayan - Cauca.",Otro,False,,,Colombia,2012,"Arquitectura y Paisaje,;arquitectonico;diseño;infraestructura;establecimiento carcelario",Humanidades;Arte;Arquitectura y Urbanismo,Actividades de asesoramiento y consultoría a las empresas
0000676705,"JUAN CARLOS OLIVAR CASTILLO, RODRIGO CASTRO, YUCED GAVIRIA NARVAEZ, CESAR RODRIGO PALTA ESPINOSA",Propuesta de diseño capilla de la reclusion de mujeres de Popayan - Cauca,Otro,False,,,Colombia,2011,diseño;arquitectonico;Capilla;carcelario;mujeres,Humanidades;Arte;Arquitectura y Urbanismo,Actividades de asesoramiento y consultoría a las empresas
0000676446,"SANDRA PATRICIA ARTUNDUAGA LOMBO, NORMA ROCIO GUARAMA RUALES, MAGALY LORENA RUIZ SAMBONI",Revisión del tema de consideraciones de diseño arquitectónico en espacios de hospitalización pediátrica,Otro,False,Consideraciones Diseño Hospitalización Pediatrica,09-10-2010,Colombia,2010,Consideración de espacios pediátricos;Humanización de los espacios;Espacios pediatricos hospitalarios,Humanidades;Arte;Arquitectura y Urbanismo,Salud humana
0000676446,"SANDRA PATRICIA ARTUNDUAGA LOMBO, NORMA ROCIO GUARAMA RUALES, MAGALY LORENA RUIZ SAMBONI","Diagnóstico ambiental cualitativo del área de hospitalización pediátrica del Hospital Universitario San José de Popayán, E.S.C",Base de datos de referencia para investigacion,False,Diagnóstico Ambiental Cualitativo Area Pediatrica. HUSJ-Popayan,09-10-2010,Colombia,2010,Consideración de espacios pediátricos;Espacios pediatricos hospitalarios;Humanización de los espacios,Humanidades;Arte;Arquitectura y Urbanismo,Salud humana
0000676446,"SANDRA PATRICIA ARTUNDUAGA LOMBO, NORMA ROCIO GUARAMA RUALES, MAGALY LORENA RUIZ SAMBONI",Formatos de sistematización de levantamiento de información que permitan diagnosticar aspectos cualitativos de los espacios arquitectónicos de hospitalización pediátrica.,Otro,False,Formatos Sistematizacion,09-10-2010,Colombia,2010,Consideración de espacios pediátricos;Espacios pediatricos hospitalarios;Humanización de los espacios,Humanidades;Arte;Arquitectura y Urbanismo,Salud humana
0000676446,"SANDRA PATRICIA ARTUNDUAGA LOMBO, ALFREDO ALEJANDRO BUSTOS ANDRADE",Propuesta espacial del albergue el Vergel. Nariño.,Otro,False,Propuesta arquitectónica para albergue temporal,,Colombia,2010,Albergues temporales;Arquitectura Bioclimática;Calentamiento global;Desastre Natural,Humanidades;Arte;Arquitectura y Urbanismo,Desarrollo Urbano
0000902284,TOMAS CASTRILLON VALENCIA,"Levantamiento planimetrico y altimetrico, Viviendas sector historico de Popayan, Barrios El empedrado, San camilo y Hernando lora",Otro,False,,,Colombia,2006,Levantamiento planimetrico sector historico,Humanidades;Arte;Arquitectura y Urbanismo,Salud humana
0001437370,NASLY YANID DELGADO ESPINOSA,"Columna de adsorción con carbón activado en polvo, flujo descendente",Otro,False,Columna de adsorción,,Argentina,2018,No Aplica,No Aplica,No Aplica
0001409555,"DEYANIRA CALDERON TORRES, KELLY GIOVANNA MUNOZ BALCAZAR",Plataforma de datos para georreferenciación FUPDHES,Base de datos de referencia para investigacion,False,Plataforma de georreferenciación FUPDHES ,,Colombia,2018,territorio;desplazamiento forzado;Comunicación y desarrollo;cartografia social;dinamicas rur-urbanas;patrimonio biocultural;sociedades afroindoamericanas,"Ingeniería y Tecnología;Ingenierías Eléctrica, Electrónica e Informática;Ingeniería de Sistemas y Comunicaciones",Desarrollo rural
0000268453,OLGA LUCIA CADENA DURAN,Propuesta metodológica para la presentación de proyectos,Otro,False,,,Colombia,2006,No Aplica,No Aplica,No Aplica
0000268453,"OLGA LUCIA CADENA DURAN, TALLER PARA EL ANÁLISIS E IDENTIFICACIÓN DE SATISFACTORES Y NECESIDADES DE LAS COMUNIDADES",A PARTIR DE LAS PRÁCTICAS AGROECOLÓGICAS,Otro,False,Metodología para identificar necesidades y satisfactores en Agroecología,,Colombia,2015,agroecología;sinergias,"Ciencias Sociales;Otras Ciencias Sociales;Ciencias Sociales, Interdisciplinaria",Desarrollo rural
0000268453,OLGA LUCIA CADENA DURAN,Fichas etnobotánicas,Otro,False,Fichas etnobotánicas,,Colombia,2014,agroecología;ambiente y cultura;agricultura tradicional;economía ecológica;Etnobotánica,"Ciencias Sociales;Otras Ciencias Sociales;Ciencias Sociales, Interdisciplinaria",Desarrollo rural
0000796158,LINA MARIA LOPEZ ROA,CD interactivo de evaluacion Osteomuscular,Otro,False,,,Colombia,2009,No Aplica,No Aplica,No Aplica
0000524840,CARLOS CORREDOR JIMENEZ,El papel del cooperativismo en el discurso del desarrollo rural durante la decada de los 70 y 80 para el departamento del Cauca.,Otro,False,,,Colombia,2005,No Aplica,No Aplica,No Aplica
0000667021,FRANCISCO JAVIER ORTEGA,Página Web como herramienta de apoyo a la formación en Costos,Otro,False,,,Colombia,2011,No Aplica,No Aplica,No Aplica
0000667021,FRANCISCO JAVIER ORTEGA,Página web como herramienta de apoyo en la formación en la metodología de la investigación,Otro,False,,,Colombia,2010,No Aplica,No Aplica,No Aplica
0000667021,FRANCISCO JAVIER ORTEGA,Página web como herramienta de apoyo para la formación en teoría contable,Otro,False,,,Colombia,2010,No Aplica,No Aplica,No Aplica
0000269140,LUIS FREDDY MUNOZ SANABRIA,Análisis y Diseño para la aplicación BALANCE SCORE CARD,Otro,False,BALANCE SCORE CARD,,Colombia,2009,No Aplica,No Aplica,No Aplica
0002042699,ALEJANDRA YICEL VARGAS MUNOZ,DISEÑO PÁGINA WEB SEMILLERO,Otro,False,PÁGINA WEB DEVENIAC,,Colombia,2019,No Aplica,No Aplica,No Aplica
0002042699,ALEJANDRA YICEL VARGAS MUNOZ,SISTEMA DE INFORMACIÓN PARA LA GESTIÓN DE NÓMINAS E INCAPACIDADES,Gen Clonado,False,SISTEMA DE INFORMACIÓN PARA LA GESTIÓN DE NÓMINAS E INCAPACIDADES,,Colombia,2022,No Aplica,No Aplica,No Aplica
0002042699,ALEJANDRA YICEL VARGAS MUNOZ,IMPLEMENTACIÓN DE PLATAFORMA CAMPUS VIRTUAL,Otro,False,PLATAFORMA CAMPUS VIRTUAL DEVENIAC,,Colombia,2020,No Aplica,No Aplica,No Aplica
0002042699,ALEJANDRA YICEL VARGAS MUNOZ,GUÍA DE HERRAMIENTAS LIBRES TIC PARA EL TRABAJO EN CASA,Otro,False,GUÍA DE HERRAMIENTAS LIBRES TIC PARA EL TRABAJO EN CASA,,Colombia,2019,No Aplica,No Aplica,No Aplica
0001368209,FRANCISCO JOSE IDROBO IDROBO,RECIRCULACION DE RIPIOS,Otro,False,RECIRCULACION DE RIPIOS,EMICAUCA SA - FRANCISCO JOSE IDROBO IDROBO,Colombia,2007,No Aplica,No Aplica,No Aplica
0001368209,FRANCISCO JOSE IDROBO IDROBO,METODOLOGIA DE PRODUCCION LIMPIA EN EL SECTOR ALFARERO,Otro,False,METODOLOGIA DE PRODUCCION LIMPIA EN EL SECTOR ALFARERO,10-10-2008,Colombia,2008,No Aplica,No Aplica,No Aplica
0001368209,FRANCISCO JOSE IDROBO IDROBO,PRODUCCION LIMPIA EN MINERIA,Otro,False,PRODUCCION LIMPIA EN MINERIA,,Colombia,2009,No Aplica,No Aplica,No Aplica
0001368209,FRANCISCO JOSE IDROBO IDROBO,PRIMEROS AUXILIOS PSICOLOGICOS APLICADOS A SITUACIONES DE EMERGENCIA,Otro,False,PRIMEROS AUXILIOS PSICOLOGICOS APLICADOS A SITUACIONES DE EMERGENCIA,,Colombia,2009,No Aplica,No Aplica,No Aplica
0001368209,FRANCISCO JOSE IDROBO IDROBO,APUESTA MINERA PARA EL DEPARTAMENTO DEL CAUCA,Otro,False,APUESTA MINERA - CAUCA,CAMARA DE COMERCIO - FRANCISCO JOSE IDROBO IDROBO,Colombia,2005,No Aplica,No Aplica,No Aplica
0001368209,FRANCISCO JOSE IDROBO IDROBO,RECONVERSION TECNOLOGICA PARA LA IMPLEMENTACION DE PROCESOS LIMPIOS DE PRODUCCION EN EL SECTOR ALFARERO DEL MUNICIPIO DE EL TAMBO - CAUCA,Otro,False,RECONVERSION TECNOLOGICA PARA LA IMPLEMENTACION DE PROCESOS LIMPIOS DE PRODUCCION EN EL SECTOR ALFARERO DEL MUNICIPIO DE EL TAMBO - CAUCA,ASOCIACION DE ALFAREROS DE EL TAMBO - FRANCISCO JOSE IDROBO,Colombia,2007,No Aplica,No Aplica,No Aplica
0001368209,FRANCISCO JOSE IDROBO IDROBO,MINI-CADENA PRODUCTIVA DE LA ARCILLA,Otro,False,MINI-CADENA PRODUCTIVA DE LA ARCILLA,,Colombia,2007,No Aplica,No Aplica,No Aplica
0001368209,FRANCISCO JOSE IDROBO IDROBO,PROYECTO MINERO EL VINAGRE - EMICAUCA SA,Otro,False,PROYECTO MINERO EL VINAGRE - EMICAUCA SA,,Colombia,2007,No Aplica,No Aplica,No Aplica
0001368209,FRANCISCO JOSE IDROBO IDROBO,MINERIA EN EL TAMBO,Otro,False,MINERIA EN EL TAMBO,,Colombia,2008,No Aplica,No Aplica,No Aplica
0001368209,FRANCISCO JOSE IDROBO IDROBO,APUESTA MINERA - CADENAS Y MINICADENAS PRODUCTIVAS EN MINERIA EN EL DEPARTAMENTO DEL CAUCA,Otro,False,APUESTA MINERA - CADENAS Y MINICADENAS PRODUCTIVAS EN MINERIA EN EL DEPARTAMENTO DEL CAUCA,,Colombia,2007,No Aplica,No Aplica,No Aplica
0001368209,FRANCISCO JOSE IDROBO IDROBO,ACOMPAÑAMIENTO Y LEGALIZACION DE PROYECTOS MINEROS EN VITONCO,Otro,False,ACOMPAÑAMIENTO Y LEGALIZACION DE PROYECTOS MINEROS EN VITONCO,,Colombia,2008,No Aplica,No Aplica,No Aplica
0001368209,FRANCISCO JOSE IDROBO IDROBO,PROCESOS DE LEGALIZACION DE LA MINERIA EN TERRITORIOS INDIGENAS,Otro,False,PROCESOS DE LEGALIZACION DE LA MINERIA EN TERRITORIOS INDIGENAS,,Colombia,2008,No Aplica,No Aplica,No Aplica
0001366781,JUAN PABLO PRADO MEDINA,Plan Integral de Ordenamiento Comunitario para el Manejo de Cuencas Hidrográficas en el Corregimiento de Sata Rita Municipio de la Vega Cauca,Otro,False,,FD07-54,Colombia,2008,No Aplica,No Aplica,No Aplica
0001536699,"JULIO ANDRES MOSQUERA BOLANOS, JULIAN ANDRES CAICEDO MUNOZ, DIEGO MANUEL DUSSAN MUNOZ, JOHN ROBERT MUNOZ CHAVEZ, JORGE ELIECER MANRIQUE JULIO","EcoSecador de café, optimización",Otro,False,EcoSecador de café,,Colombia,2018,No Aplica,No Aplica,No Aplica
0001469142,"GIOVANNI ALEJANDRO VARONA BELTRAN, KAREN DELGADO DELGADO, CAMILO ELIAS MONTILLA BUITRAGO, HECTOR SAMUEL VILLADA CASTILLO",Proceso de obtención de películas biodegradables para la fabricación de guantes para el consumo de alimentos,Otro,False,Guante desechable Biodegradable ,,Colombia,2016,No Aplica,No Aplica,No Aplica
0001363087,"LUZ ADRIANA PLAZAS PEMBERTHY, CARLOS AUGUSTO ANDRADE ERASO, ALVARO PRADA VELASQUEZ, ANDRES EDUARDO MANTILLA ZARATE, GERMAN CASTILLO SALAMANCA, JORGE ANDRES PRADA MEJIA, SISTEMA DE MONITOREO PERMANENTE DE PRESIÓN TEMPERATURA EN FONDO DE POZO",MULTIPLE O SERIAL EN TIEMPO REAL,Otro,False,"SISTEMA DE MONITOREO PERMANENTE DE PRESIÓN TEMPERATURA EN FONDO DE POZO, MULTIPLE O SERIAL EN TIEMPO REAL",,Colombia,2016,monitoreo;petroleo;producción,"Ingeniería y Tecnología;Ingeniería Ambiental;Ingeniería del Petróleo (Combustibles, Aceites), Energía y Combustibles",Industrias extractivas
0000011924,ERNESTO LEON RODRIGUEZ FLOREZ,Directorio Latinoamericano de Publicaciones en Acceso Abierto - DLPAA,Base de datos de referencia para investigacion,False,Directorio Latinoamericano de Publicaciones en Acceso Abierto - DLPAA¿,,Colombia,2016,Acceso Abierto;Índice Bibliográfico Internacional (IBI),Ciencias Médicas y de la Salud;Biotecnología en Salud;Ética Relacionada con la Biomedicina,Educación
0000013528,"ANDRES JOSE CASTRILLON MUNOZ, APOLINAR FIGUEROA CASAS",Videoclip proomocional del Cauca Ecoturístico y Multicultural,Otro,False,,,Colombia,2001,Alternativa;Ecoturística;Multicultural;Humanidad,Ciencias Sociales;Economía y Negocios;Negocios y Management,Otros sectores
0000013528,"ANDRES JOSE CASTRILLON MUNOZ, LUISA FERNANDA ZAPATA ARANGO, JOSE REINALDO MUNOZ RADA, JAIME BURBANO CASTILLO, JOHN ORTIZ",Inventario de Productos Turísticos del departamento del Cauca (Colombia),Otro,False,http://www.siturismocauca.com/,Proyecto ID 2564,Colombia,2009,Atractivo Turístico;Aplicaciones web;Bases de datos;Desarrollo Turistico,Ciencias Sociales;Economía y Negocios;Negocios y Management,Desarrollo de programas (software) y prestación de servicios en informática
0000013528,ANDRES JOSE CASTRILLON MUNOZ,TECNOCULTURALIDAD APLICADA AL TURISMO,Otro,False,TECNOCULTURALIDAD,,Colombia,2004,tecnoculturality,Ciencias Sociales;Economía y Negocios;Negocios y Management,Educación
0001431291,ALBERT PESQUISADOR INNOVATOR,asd,Otro,False,asd,,Colombia,2014,No Aplica,No Aplica,No Aplica
0001431291,ALBERT PESQUISADOR INNOVATOR,patente prueba,Otro,False,patente jyanza,,Colombia,2018,No Aplica,No Aplica,No Aplica
0000228516,"HELVIA BRAENDLY DE BUCHELI, CELIA MARINA AVILA, FRANCOIS PIERRE GRAVEL, OLGA PATRICIA SOLIS VALENCIA",TAMPU : Portal ecoturistico y multicultural del Cauca,Otro,False,www.tampu.com,,Colombia,2002,Comunicación,Ciencias Sociales;Periodismo y Comunicaciones;Medios y Comunicación Social,Otros sectores
0001422550,"DANIEL ANDRES FERIZ GARCIA, EDWIN MAURICIO REALPE GRIJALBA, ISMAEL REYES PAYAN",plataforma de gestión de convocatorias y proyectos de investigación de la Fundación universitaria de popayán,Base de datos de referencia para investigacion,False,sistema digital de gestión de la investigación ,,Colombia,2019,No Aplica,No Aplica,Educación
0000296759,ANDRES JOSE VIVAS SEGURA,Línea del tiempo sobre biodiversidad,Otro,False,,,Colombia,2007,Biodiversidad;Bioinformática;Bases de datos;gestión de información;información sobre biodiversidad;páramos,Ciencias Sociales;Economía y Negocios;Negocios y Management,"Productos y servicios para la defensa y protección del medio ambiente, incluyendo el desarrollo sostenible."
0000568554,"LYLIETH FERNANDA VARELA FAGUNDEZ, ANGELICA NUNEZ, ERICK MARIN, XOCHILAN ROJAS, COMUNIDAD RESGUARDO AMBALO",Corredor Biológico Resgardo de Ambaló,Otro,False,,,Colombia,2005,Etnoeducación;Diversidad;Divulgación;Autonomía;Cultura;Ecología,"Ciencias Sociales;Periodismo y Comunicaciones;Medios y Comunicación Social, Humanidades;Idiomas y Literatura;Teoría Literaria, Ciencias Naturales;Ciencias Biológicas;Ecología","Educación, Productos y servicios de recreación,culturales, artísticos y deportivos, Productos y servicios para la defensa y protección del medio ambiente, incluyendo el desarrollo sostenible."
0001329936,"MARIA CRISTINA ORDONEZ DIAZ, JUAN DAVID RINCON PATINO, JUAN FERNANDO CASANOVA OLAYA",FARMBRAIN,Otro,False,FARMBRAIN,,Colombia,2020,No Aplica,"Ciencias Agrícolas;Agricultura, Silvicultura y Pesca;Ciencias del Suelo, Ciencias Agrícolas;Otras Ciencias Agrícolas;Otras Ciencias Agrícolas, Ingeniería y Tecnología;Otras Ingenierías y Tecnologías;Otras Ingenierías y Tecnologías","Agricultura, pecuaria, silvicultura, explotación forestal"
0000082311,LEIDY VANESSA VASQUEZ TENORIO,Economia de proyectos,Base de datos de referencia para investigacion,False,Economia de proyectos,,Colombia,2020,No Aplica,No Aplica,No Aplica
0000082311,LEIDY VANESSA VASQUEZ TENORIO,Politicas de Desarrollo rural,Base de datos de referencia para investigacion,False,Politicas de Desarrollo rural ,,Colombia,2020,No Aplica,No Aplica,No Aplica
0000666572,"ZORAIDA RAMIREZ GUTIERREZ, CARLOS ENRIQUE CORREDOR, OLGA LUCIA CADENA, BERNARDO JAVIER TOBAR",IMPACTO DEL MICROCREDITO EN EL DESARROLLO PRODUCTIVO Y LAS CONDICIONES DE VIDA DE LA CIUDAD DE POPAYÁN. UNA APROXIMACIÓN INTEGRAL,Otro,False,,,Colombia,2008,microcrédito;Impacto socio-económico;calidad de vida;pobreza;bienestar,Ciencias Sociales;Economía y Negocios;Economía,Actividades de asesoramiento y consultoría a las empresas
0000402109,NESTOR EUGENIO BRAVO CRUZ,Impaacto Financiero para las Empresas Colombianas que adopten estandares internacionales de Contabilidad,Otro,False,,,Colombia,2003,No Aplica,Ciencias Sociales;Economía y Negocios;Economía,No Aplica
0000184506,LUIS PLINIO COLLAZOS ROBLES,De la finca a la casa - Chayani,Otro,False,De la finca a la casa - Chayani,,Colombia,2019,No Aplica,No Aplica,No Aplica
0000184506,LUIS PLINIO COLLAZOS ROBLES,Agroprecios FUP,Otro,False,Agroprecios FUP,,Colombia,2019,No Aplica,"Ciencias Agrícolas;Agricultura, Silvicultura y Pesca;Agricultura, Ciencias Sociales;Economía y Negocios;Economía, Ingeniería y Tecnología;Otras Ingenierías y Tecnologías;Otras Ingenierías y Tecnologías",No Aplica
0000148048,MEILYN DAJANA CALDERON PEREZ,Agroprecios FUP,Otro,False,Agroprecios Fup,,Colombia,2019,No Aplica,"Ingeniería y Tecnología;Ingenierías Eléctrica, Electrónica e Informática;Telecomunicaciones, Ciencias Agrícolas;Agricultura, Silvicultura y Pesca;Agricultura, Ciencias Sociales;Economía y Negocios;Economía","Productos y servicios de recreación,culturales, artísticos y deportivos, Desarrollo de programas (software) y prestación de servicios en informática"
0000148048,MEILYN DAJANA CALDERON PEREZ,De la finca a la casa - Chayani,Otro,False,De la finca a la casa - Chayani,,Colombia,2019,No Aplica,"Ciencias Agrícolas;Agricultura, Silvicultura y Pesca;Agricultura, Ciencias Sociales;Economía y Negocios;Economía, Ingeniería y Tecnología;Otras Ingenierías y Tecnologías;Otras Ingenierías y Tecnologías",No Aplica
0001549475,WILLIAM ALEXANDER GONZALEZ,Web Secretaria de Educación del Cauca,Gen Clonado,False,Web Secretaria de Educacion y Cultura del Cauca,,Colombia,2018,No Aplica,No Aplica,No Aplica
0001549475,WILLIAM ALEXANDER GONZALEZ,Bodecom,Gen Clonado,False,Sistema BODECOM ONU (Organización de las Naciones Unidas para la Alimentación y Agricultura),,Colombia,2019,No Aplica,No Aplica,No Aplica
0001549475,WILLIAM ALEXANDER GONZALEZ,Sistema de referencias Bibliograficas,Gen Clonado,False,Sistema para la creación de referencias bibliográficas según las normas APA e ICONTEC,,Colombia,2014,No Aplica,No Aplica,No Aplica
0000182378,YENI FERNANDA CASTRILLON SANCHEZ,Agroprecios FUP,Otro,False,Agroprecios FUP,,Colombia,2019,No Aplica,"Ciencias Agrícolas;Agricultura, Silvicultura y Pesca;Agricultura, Ciencias Sociales;Economía y Negocios;Economía, Ingeniería y Tecnología;Otras Ingenierías y Tecnologías;Otras Ingenierías y Tecnologías",No Aplica
0000182378,YENI FERNANDA CASTRILLON SANCHEZ,De la finca a la casa - Chayani,Otro,False,De la finca a la casa - Chayani,,Colombia,2019,No Aplica,No Aplica,No Aplica
0000533980,PAULA ANDREA MORA PEDREROS,Proyecto de lectoescritura y mejoramiento docente,Otro,False,,,Colombia,2006,No Aplica,No Aplica,No Aplica
0000533980,PAULA ANDREA MORA PEDREROS,Objeto Virtual de Aprendizaje: El mito de la caverna,Otro,False,,,Colombia,2010,No Aplica,No Aplica,No Aplica
0000533980,PAULA ANDREA MORA PEDREROS,Objeto Virtual de Aprendizaje: La argumentación evidencia de la categorización del awapit,Otro,False,,,Colombia,2011,No Aplica,No Aplica,No Aplica
0001342899,DENIX ALBERTO RODRIGUEZ TORRES,OBJETO VIRTUAL DE APRENDIZAJE (OVA): PENSANDO CRITICAMENTE,Otro,False,,UNIVERSIDAD SANTO TOMAS,Colombia,2012,No Aplica,No Aplica,No Aplica
0001168061,DEYSER GUTIERREZ ALVAREZ,Investigación Diseño Instruccional una experiencia creativa en la construccion de conocimiento,Otro,False,,,Colombia,2006,No Aplica,No Aplica,No Aplica
0001168061,DEYSER GUTIERREZ ALVAREZ,Artículo sobre Procesos de Acreditación y estándares de calidad en la Facultad de Informática,Otro,False,,,Colombia,2006,No Aplica,Ciencias Naturales;Computación y Ciencias de la Información;Ciencias de la Computación,Educación
0001168061,DEYSER GUTIERREZ ALVAREZ,Ásignatura Inglés transicional - Nivel I - Nivel II - Nivel III,Otro,False,,,Colombia,2007,No Aplica,Ciencias Naturales;Computación y Ciencias de la Información;Ciencias de la Computación,No Aplica
0001168061,DEYSER GUTIERREZ ALVAREZ,Modelo Pedagógico Propuesta virtual Politécnico Jaime Isaza Cadavid,Otro,False,,,Colombia,2007,No Aplica,Ciencias Naturales;Computación y Ciencias de la Información;Ciencias de la Computación,No Aplica
0001134213,IVANIA LUCIA CAICEDO BACCA,OVA VIDA Y OBRA SANTO TOMAS DE AQUINO,Otro,False,OVAS,12,Colombia,2011,No Aplica,No Aplica,No Aplica
0001253964,ELIZABETH TORO CHALA,Proyecto de Prácticas Kiabi,Otro,False,,,España,2007,Práctica,Ciencias Sociales;Economía y Negocios;Negocios y Management,No Aplica
0001253964,ELIZABETH TORO CHALA,CREACIONES Y ACCESORIOS,Otro,False,,,Francia,2005,DISEÑO,Humanidades;Idiomas y Literatura;Lingüística,Desarrollo de nuevos materiales
0000578134,REGINA VICTORIA PLAZA RIVERA,Red Colombiana de Tuberculosis,Otro,False,Red de teleasistencia en tuberculosis,,Colombia,2006,No Aplica,No Aplica,No Aplica
0001124838,MARIA EUGENIA SALDARRIAGA SALAZAR,PEI EN LAS AREAS OPTATIVAS DE GESTION EMPRESARIAL EN LA INSTITUCION EDUCATIVA TOMAS CIPRIANO DE MOSQUERA DE LA CIUDAD DE POAPYAN,Otro,False,PEI ,10-08-2006,Colombia,2007,No Aplica,No Aplica,No Aplica
0001124838,"MARIA EUGENIA SALDARRIAGA SALAZAR, MARIA FERNANDA GUZMAN GONZALEZ, EDNA MARIANA AGUILAR MALES",DISEÑO DE UN MODELO PARA LA IMPLEMENTACION DE UNA HERRAMIENTA DE BASE TECNOLOGICA A BAJO COSTO BASADA EN EL PROTOTIPO (MAKE-BLOCK) EMPLEANDO LA PLACA ARDUINO. QUE INTERACTUE DE MANERA DINAMICA CON LAS METODOLOGIAS DE APRENDIZAJE EN EMPRENDIMIENTO EN LAS INSTITUCIONES DE EDUCACION MEDIA TECNICA DE LA,Otro,False,HERRAMIENTA DE BASE TECNOLOGICA A BAJO COSTO BASADA EN EL PROTOTIPO (MAKE-BLOCK) ,,Colombia,2016,CIENCIA;TECNOLOGIA E INNOVACION;CREATIVIDAD;DOCENCIA;EDUCACION;EMPRENDIMIENTO;ESTRATEGIA;TRABAJOS DE INVESTIGACIÓN;COMPETENCIAS,Ciencias Sociales;Economía y Negocios;Negocios y Management,Educación
0001124838,"MARIA FERNANDA GUZMAN GONZALEZ, MARIA EUGENIA SALDARRIAGA SALAZAR, EDUARDO ANDRES CONCHA CERON","""SER"" EMPRENDEDOR",Base de datos de referencia para investigacion,False,FORMACIÓN DEL SER ORIENTADO AL EMPRENDIMINENTO,,Colombia,2019,COMPETENCIAS;CREATIVIDAD;Crecimiento Empresarial;CULTURA EMPRENDEDORA;EMPRENDIMIENTO;EMPRESA;EMPRESARISMO;Enseñanza;ESTRATEGIA,Ciencias Sociales;Economía y Negocios;Negocios y Management,"Productos y servicios de recreación,culturales, artísticos y deportivos"
0001678622,"MARIA EUGENIA SALDARRIAGA SALAZAR, EDUARDO ANDRES CONCHA CERON","""SER"" EMPRENDEDOR - Metodología para valorar el desarrollo de competencias blandas en los emprendedores.",Base de datos de referencia para investigacion,False,"""SER"" EMPRENDEDOR ",,Colombia,2019,Enseñanza;Competencias Blandas ;Creatividad;Cultura Emprendedora;Empresarísmo;Emprendimiento;Estrategias;Tecnología,Ciencias Sociales;Economía y Negocios;Negocios y Management,Actividades de asesoramiento y consultoría a las empresas
0001174894,"MARIA FERNANDA GUZMAN GONZALEZ, MARIA EUGENIA SALDARRIAGA SALAZAR, EDUARDO ANDRES CONCHA CERON","""SER"" EMPRENDEDOR",Base de datos de referencia para investigacion,False,FORMACIÓN DEL SER ORIENTADO AL EMPRENDIMINENTO,,Colombia,2019,Competencias;Creatividad;Crecimiento Empresarial;Cultura Emprendedora;Emprendimiento;Empresa;Enseñanza;Estrategia,Ciencias Sociales;Economía y Negocios;Negocios y Management,"Productos y servicios de recreación,culturales, artísticos y deportivos"
0001174894,"MARIA FERNANDA GUZMAN GONZALEZ, EDNA MARIANA AGUILAR MALES, MARIA EUGENIA SALDARRIAGA SALAZAR",DISEÑO DE UN MODELO PARA LA IMPLEMENTACION DE UNA HERRAMIENTA DE BASE TECNOLOGICA A BAJO COSTO BASADA EN EL PROTOTIPO (MAKE-BLOCK) EMPLEANDO LA PLACA ARDUINO. QUE INTERACTUE DE MANERA DINAMICA CON LAS METODOLOGIAS DE APRENDIZAJE EN EMPRENDIMIENTO EN LAS INSTITUCIONES DE EDUCACION MEDIA TECNICA DE LA,Otro,False,HERRAMIENTA DE BASE TECNOLOGICA A BAJO COSTO BASADA EN EL PROTOTIPO (MAKE-BLOCK),,Colombia,2016,Ciencia;Tecnología e Innovación;Creatividad;Docencia;Educación;Estrategia;Trabajos de Investigación;Competencias,Ciencias Sociales;Economía y Negocios;Negocios y Management,Educación
0001369747,DANIEL ANDRES MERA ESCOBAR,Portal Resguardo Indigena de Purace Cauca,Otro,False,,,Colombia,2009,No Aplica,No Aplica,No Aplica
0001233513,WALTER JULIAN QUINCHOA CAJAS,http://www.observadhores.org/,Otro,False,Observadhores,,Colombia,2016,No Aplica,No Aplica,No Aplica
0000346950,"CAROLL ZULEIMA JOAQUI TRUJILLO, ALBERTO DE JESUS GONZALEZ RAMIREZ",KARAGABI KMMODEL: MODELO DE REFERENCIA PARA LA INTRODUCCIÓN DE INICIATIVAS DE GESTIÓN DEL CONOCIMIENTO EN ORGANIZACIONES BASADAS EN CONOCIMIENTO,Otro,False,KARAGABI KMMODEL,Certificado de registro de derecho de autor No. 10-185-482,Colombia,2008,No Aplica,No Aplica,No Aplica
0000346950,"CAROLL ZULEIMA JOAQUI TRUJILLO, ALBERTO DE JESUS GONZALEZ RAMIREZ",HERRAMIENTA TECNOLOGICA DE TRABAJO COLABORATIVO,Otro,False,Gestión de Conocimiento y Trabajo Colaborativo Red de Software del Cauca,Contrato No. 154 celebrado entre la CAMARA DE COMERCIO DEL CAUCA Y TOTEMS LTDA,Colombia,2009,No Aplica,No Aplica,No Aplica
0001550910,GABRIEL EDUARDO RENGIFO RIOS,SISTEMA AUTOPORTANTE Y MÉTODO PARA LA COMUNICACIÓN Y DISTRIBUCIÓN MASIVA DE CONTENIDOS Y PUBLICIDAD DIGITAL EN ESPACIOS PÚBLICOS,Otro,False,Robot Visual,,Colombia,2017,No Aplica,No Aplica,No Aplica
0001550910,GABRIEL EDUARDO RENGIFO RIOS,SELF-SUPPORTING SYSTEM AND A METHOD FOR THE MASS COMMUNICATION AND DISTRIBUTION OF CONTENT AND DIGITAL ADVERTISING IN PUBLIC SPACES,Otro,False,Robot Visual,,Colombia,2018,No Aplica,No Aplica,No Aplica
0000021883,VICTOR GARZON MARIN,Visualización de datos sobr el calentamiento global,Otro,False,Visualización Calentamiento Global,,Colombia,2018,No Aplica,No Aplica,No Aplica
0000002241,ANDRES FELIPE HURTADO BANGUERO,Laboratorio de Robótica teleoperado empleando la red de alta velocidad RENATA,Otro,False,,,Colombia,2010,No Aplica,No Aplica,No Aplica
0000002241,ANDRES FELIPE HURTADO BANGUERO,Sistema electronico de alerta para inundaciones empleando telefonia celular,Otro,False,,,Colombia,2010,No Aplica,No Aplica,No Aplica
0001657696,DAVID ARMANDO REVELO LUNA,Patente de invención titulada Sistema y método para medición del contenido de agua o corte de agua en mezcla de petróleo/gas-agua,Otro,False,Sistema y método para medición del contenido de agua o corte de agua en mezcla de petróleo/gas-agua,,Colombia,2017,No Aplica,No Aplica,No Aplica
0001047698,HECTOR JAVIER TASCON HERNANDEZ,Silocobombo,Otro,False,Silocobombo,,Colombia,2010,No Aplica,No Aplica,No Aplica
0001047698,HECTOR JAVIER TASCON HERNANDEZ,Benáfono,Otro,False,Bernáfono,,Colombia,2010,No Aplica,No Aplica,No Aplica
0001047698,HECTOR JAVIER TASCON HERNANDEZ,Silococaja,Otro,False,Silococaja,,Colombia,2010,No Aplica,No Aplica,No Aplica
0001047698,HECTOR JAVIER TASCON HERNANDEZ,Marimbotella,Otro,False,Marimbotella,,Colombia,2010,No Aplica,No Aplica,No Aplica
0000112500,ALVARO EFRAIN BASTIDAS GUSTIN,Desarrollo de un microscopio holográfico digital (DHM),Otro,False,,,Colombia,2006,No Aplica,No Aplica,No Aplica
0000112500,ALVARO EFRAIN BASTIDAS GUSTIN,e-ARI ALOMAR Proyect,Otro,False,,,Noruega,2006,No Aplica,No Aplica,No Aplica
0000112500,ALVARO EFRAIN BASTIDAS GUSTIN,GOA LIDAR and Artic Aerosol Campaign 2005 (GOA-LAAC´05),Otro,False,,,Noruega,2005,No Aplica,No Aplica,No Aplica
0000112500,ALVARO EFRAIN BASTIDAS GUSTIN,GOA LIDAR and Artic Aerosol Campaign 2005 (GOA-LAAC´05) SUMMER,Otro,False,,,Noruega,2005,No Aplica,No Aplica,No Aplica
0000112500,ALVARO EFRAIN BASTIDAS GUSTIN,"Estudio de aerosoloes troposféricos en el sur occidente de Colombia, mediante las técnicas LIDAR y fotometría solar",Otro,False,,,Colombia,2006,No Aplica,No Aplica,No Aplica
0000112500,ALVARO EFRAIN BASTIDAS GUSTIN,Construcción y montaje de un LIDAR elástico aplicado al estudio de partículas atmosféricas en supensión y la contaminació atmosférica en la región del Cauca.,Otro,False,,,Colombia,2004,No Aplica,No Aplica,No Aplica
0000112500,ALVARO EFRAIN BASTIDAS GUSTIN,GOA Summer Lidar & Spectrometric Arctic Campaign 2006¿ (GOA-SLSAC'06),Otro,False,,,Noruega,2006,No Aplica,No Aplica,No Aplica
0000112500,ALVARO EFRAIN BASTIDAS GUSTIN,POLARCART Project,Otro,False,,,Noruega,2006,No Aplica,No Aplica,No Aplica
0000112500,ALVARO EFRAIN BASTIDAS GUSTIN,Investigación de las propiedades de absorción de la luz por los aerosoles atmosféricos,Otro,False,,,Portugal,2006,No Aplica,No Aplica,No Aplica
0000112500,"ALVARO EFRAIN BASTIDAS GUSTIN, GABRIEL FELIPE BOTERO OSPINA, DANIEL JOSE NISPERUZA TOLEDO",MEDIDOR DE TRANSMITANCIA DE RADIACION ULTRAVIOLETA EN LENTES,Otro,False,MEDIDOR DE TRANSMITANCIA DE RADIACION ULTRAVIOLETA EN LENTES,,Colombia,2013,No Aplica,No Aplica,No Aplica
0000112500,ALVARO EFRAIN BASTIDAS GUSTIN,Sistema portátil de medida de porcentaje de radiación ultravioleta transmitida en lentes oftálmicas,Otro,False,,,Colombia,2011,No Aplica,No Aplica,No Aplica
0001424070,CESAR AUGUSTO GOMEZ VILLAMARIN,BD Agendamiento de citas,Otro,False,,,Colombia,2011,No Aplica,No Aplica,No Aplica
0000542172,CARLOS HERNAN TOBAR ARTEAGA,Herramienta de Gestión de Información de Interferencias en Radioenlaces,Otro,False,Herramienta de Gestión de Información de Interferencias en Radioenlaces,,Colombia,2013,Sistemas de Radiocomunicación;Mediciones de Interferencias,"Ingeniería y Tecnología;Ingenierías Eléctrica, Electrónica e Informática;Telecomunicaciones",Desarrollo de programas (software) y prestación de servicios en informática
0000699993,EDGAR WILLINTON GUTIERREZ GUTIERREZ,DISPOSITIVO Y MÉTODO ULTRASÓNICO DE CARACTERIZACIÓN HEMATOLÓGICA,Otro,False,,,Colombia,2019,No Aplica,No Aplica,No Aplica
0001515307,"JEFERSON ARANGO LOPEZ, GUSTAVO ADOLFO ISAZA ECHEVERRY, LUIS FERNANDO CASTILLO OSSA",PLATAFORMA VIRTUAL DE GANADERÍA,Otro,False,PLATAFORMA VIRTUAL DE GANADERÍA,,Colombia,2015,No Aplica,No Aplica,No Aplica
0001515307,"JEFERSON ARANGO LOPEZ, GUSTAVO ADOLFO ISAZA ECHEVERRY, LUIS FERNANDO CASTILLO OSSA",GitirBio,Otro,False,,,Colombia,2015,No Aplica,No Aplica,No Aplica
0001422434,"ANGELA MARIA VARGAS ARCILA, ARACELI SANCHIS DE MIGUEL, ALVARO RENDON GALLON",Dataset of SymptOm-Fault causal relationships for an Ip-based network (SOFI),Base de datos de referencia para investigacion,False,SOFI dataset,,No Aplica,2021,No Aplica,No Aplica,No Aplica
0001239368,"CRISTHIAN NICOLAS FIGUEROA MARTINEZ, ANDRES GUERRERO, JOSE ARMANDO ORDONEZ",Distribucíón de Procesos de Negocio en Sistemás Móviles de Infomación basado en un Algoritmo deHormigas,Otro,False,Tesis de Pregrado,,Colombia,2008,Algoritmo de Hormigas;BPM;Comportamiento;Distribución;grafos;Workflow,Ciencias Naturales;Computación y Ciencias de la Información;Ciencias de la Computación,Desarrollo de programas (software) y prestación de servicios en informática
0000331589,EVA JULIANA MAYA ORTIZ,Documento de estado del arte de sistemas integrados,Otro,False,,"CONVENIO PARA EL DESARROLLO DEL PROYECTO DE INVESTIGACIÓN SISTEMA INTEGRADO DE COMANDO Y CONTROL PARA LAS FUERZAS ARMADAS CELEBRADO ENTRE LA CORPORACIÓN DE CIENCIA Y TECNOLOGÍA PARA EL DESARROLLO DE LA INDUSTRIA NAVAL, MARÍTIMA Y FLUVIAL (COTECMAR) Y CINTEL",Colombia,2009,No Aplica,No Aplica,No Aplica
0000331589,EVA JULIANA MAYA ORTIZ,Documento de requisitos de un sistema integrado,Otro,False,,"CONVENIO PARA EL DESARROLLO DEL PROYECTO DE INVESTIGACIÓN SISTEMA INTEGRADO DE COMANDO Y CONTROL PARA LAS FUERZAS ARMADAS CELEBRADO ENTRE LA CORPORACIÓN DE CIENCIA Y TECNOLOGÍA PARA EL DESARROLLO DE LA INDUSTRIA NAVAL, MARÍTIMA Y FLUVIAL (COTECMAR) Y CINTEL",Colombia,2010,No Aplica,No Aplica,No Aplica
0000331589,EVA JULIANA MAYA ORTIZ,Diseño de la macroarquitectura de un sistema integrado,Otro,False,,"CONVENIO PARA EL DESARROLLO DEL PROYECTO DE INVESTIGACIÓN SISTEMA INTEGRADO DE COMANDO Y CONTROL PARA LAS FUERZAS ARMADAS CELEBRADO ENTRE LA CORPORACIÓN DE CIENCIA Y TECNOLOGÍA PARA EL DESARROLLO DE LA INDUSTRIA NAVAL, MARÍTIMA Y FLUVIAL (COTECMAR) Y CINTEL",Colombia,2010,No Aplica,No Aplica,No Aplica
0000331589,EVA JULIANA MAYA ORTIZ,Diseño y desarrollo de una prueba de concepto de un sistema integrado,Otro,False,,"CONVENIO PARA EL DESARROLLO DEL PROYECTO DE INVESTIGACIÓN SISTEMA INTEGRADO DE COMANDO Y CONTROL PARA LAS FUERZAS ARMADAS CELEBRADO ENTRE LA CORPORACIÓN DE CIENCIA Y TECNOLOGÍA PARA EL DESARROLLO DE LA INDUSTRIA NAVAL, MARÍTIMA Y FLUVIAL (COTECMAR) Y CINTEL",Colombia,2010,No Aplica,No Aplica,No Aplica
0000331589,EVA JULIANA MAYA ORTIZ,Documento de investigación sobre prestación de servicios de Gobierno en línea en Colombia a través una plataforma multicanal,Otro,False,"Capacitación en Gobierno en línea, Prepárese 2008",CONVENIO ESPECIAL DE COOPERACIÓN INTERINSTITUCIONAL No. 000260 DE 2008 CELEBRADO ENTRE EL FONDO DE COMUNICACIONES DEL MINISTERIO DE COMUNICACIONES Y CINTEL,Colombia,2008,No Aplica,No Aplica,No Aplica
0000331589,EVA JULIANA MAYA ORTIZ,Diseño de un sistema de acompañamiento a experiencias significativas,Otro,False,TIC aplicadas a la educación,CONVENIO NO. 260 DE 2007 ENTRE EL MINISTERIO DE EDUCACIÓN Y CINTEL,Colombia,2008,No Aplica,No Aplica,No Aplica
0000124628,"CARLOS ERNESTO MAYA VALLEJO, LUIS ENRIQUE GARZON VELA",Método que apoya la ejecución de proyectos software desarollados por aprendices del programa de formación tecnológica Análisis y Desarrollo de Sistemas de Información - ADSI del Centro de Comercio y Servicio del SENA,Otro,False,,,Colombia,2019,analisis y desarollo;Apoyo ;Método;software;Desarrollo de software;calidad,No Aplica,Desarrollo de programas (software) y prestación de servicios en informática
0000124628,LUIS ENRIQUE GARZON VELA,Prototipo Software MECAPS,Otro,False,,,Colombia,2017,No Aplica,"Ingeniería y Tecnología;Otras Ingenierías y Tecnologías;Otras Ingenierías y Tecnologías, Ingeniería y Tecnología;Ingenierías Eléctrica, Electrónica e Informática;Hardware y Arquitectura de Computadores",Desarrollo de programas (software) y prestación de servicios en informática
0000124628,LUIS ENRIQUE GARZON VELA,Prototipo software ARCHINET,Otro,False,Archinet,,Colombia,2018,No Aplica,Ingeniería y Tecnología;Otras Ingenierías y Tecnologías;Otras Ingenierías y Tecnologías,Educación
0001006339,"DIANA PAOLA NAVIA PORRAS, HECTOR SAMUEL VILLADA CASTILLO, JUAN PABLO CASTANEDA NINO",Biodegradable packaging obtained from cassava flour and fique fiber and their manufacture process,Otro,False,,,Colombia,2012,Biodegradable;Biocompuesto;Fique;Harina de yuca,"Ingeniería y Tecnología;Ingeniería de los Materiales;Compuestos (Laminados, Plásticos Reforzados, Fibra Sintéticas y Naturales)",Desarrollo de nuevos materiales
0001006339,"DIANA PAOLA NAVIA PORRAS, HECTOR SAMUEL VILLADA CASTILLO, JUAN PABLO CASTANEDA NINO","Proceso de obtención de un material compuesto por harina de yuca, fibra de fique y glicerina",Otro,False,,,Colombia,2011,Biocompuesto;Fique;Harina de yuca;Biodegradable,"Ingeniería y Tecnología;Ingeniería de los Materiales;Compuestos (Laminados, Plásticos Reforzados, Fibra Sintéticas y Naturales)",Desarrollo de nuevos materiales
0001006339,"DIANA PAOLA NAVIA PORRAS, HECTOR SAMUEL VILLADA CASTILLO, JUAN PABLO CASTANEDA NINO",Biodegradable films obtained from cassava starch and their manufacture process,Otro,False,,,Colombia,2012,Biodegradable;Flexible;Almidón de yuca,Ingeniería y Tecnología;Ingeniería de los Materiales;Recubrimientos y Películas,Desarrollo de nuevos materiales
0001006339,"DIANA PAOLA NAVIA PORRAS, HECTOR SAMUEL VILLADA CASTILLO, JUAN PABLO CASTANEDA NINO","Proceso de obtención de películas biodegradables flexibles compuestas por almidón de yuca, ácido poliláctico y policaprolactona",Otro,False,,,Colombia,2011,Biodegradable;Flexible;Policaprolactona;Almidón de yuca,"Ingeniería y Tecnología;Ingeniería de los Materiales;Compuestos (Laminados, Plásticos Reforzados, Fibra Sintéticas y Naturales)",Desarrollo de nuevos materiales
0000587931,"MARTHA LUCERO BASTIDAS SALAMANCA, MILTON PUENTES",Mapa de inundación por tsunami de origen cercano en la Bahía de Buenaventura,Otro,False,,,Colombia,2008,No Aplica,"Ciencias Naturales;Ciencias de la Tierra y Medioambientales;Oceanografía, Hidrología y Recursos del Agua, Ciencias Naturales;Ciencias de la Tierra y Medioambientales;Geología",No Aplica
0000587931,MARTHA LUCERO BASTIDAS SALAMANCA,Metodología para la obtención de datos de concentración de clorofila_a en la Cuenca Pacífica Colombiana a partir de imágenes satelitales y su validación con respecto a datos in situ,Otro,False,,,Colombia,2005,clorofila_a;color del océano;Cuenca Pacífica Colombiana;imagenes satelitales;MODIS;validación,"Ciencias Naturales;Ciencias Físicas;Física atómica, Molecular y Química, Ciencias Naturales;Ciencias de la Tierra y Medioambientales;Geografía Física, Ciencias Naturales;Ciencias de la Tierra y Medioambientales;Oceanografía, Hidrología y Recursos del Agua",Desarrollo de programas (software) y prestación de servicios en informática
0000012548,"PABLO CESAR LEHMANN ALBORNOZ, GUIDO BARONA ET AL, GEOGRAFÍA FISICA Y POLITICA DE LA CONFEDERACIÓN GRANADINA, VOL I, TOMO II",TOMO III,Otro,False,,,Colombia,2002,No Aplica,Ciencias Naturales;Otras Ciencias Naturales;Otras Ciencias Naturales,No Aplica
0000166549,"LUIS FERNANDO FERNANDEZ TRUJILLO, FRANCY ANDREA MUNOZ CASTRO, NATHALY PEREZ MUNOZ, MARIA DEL PILAR RIVAS PAVA, DARLY GABRIELA MUNOZ LARA, ANGUIE NATALIA PEREZ GONZALEZ, ANDRES FABIAN GUZMAN URRUTIA","Pudu mephistophiles (de Winton, 1896)",Base de datos de referencia para investigacion,False,,,Colombia,2020,No Aplica,"Ciencias Naturales;Ciencias Biológicas;Zoología, Ornitología, Entomología, Ciencias Biológicas del Comportamiento",No Aplica
0000011614,"GISELLE ZAMBRANO GONZALEZ, GUIDO ORTIZ, JUAN PABLO DIAZ, YAMID MERA, ALVARO GALVIS",Coleccion de Referencia de Hormigas y Mariposas de tres zonas del Departamento del Cauca,Otro,False,,,Colombia,2007,No Aplica,No Aplica,No Aplica
0000881040,"EDDY CATALINA CASAS CRUZ, DIANA MUNAR MEDINA",Prpopuesta y análisis de viabilidad para el establecimiento de una Parcela Permanente de Investigación en la Reserva Natural Tambito,Otro,False,,,Colombia,2005,No Aplica,No Aplica,No Aplica
0001026003,JAIRO MIGUEL CHEMAS BONILLA,"Ayuda virtual para la materia ""Bases neurofisiológicas de la conducta""",Otro,False,,,Colombia,2007,No Aplica,"Ciencias Sociales;Ciencias de la Educación;Educación General (Incluye Capacitación, Pedagogía), Ciencias Naturales;Ciencias Biológicas;Otras Biologías","Educación, Neurociencias"
0000230928,ELSA LIDIA NARVAEZ PAREDES,Jóvenes sembrando Semillas de Respaldo y Confianza,Otro,False,,,Colombia,2003,No Aplica,"Ciencias Sociales;Ciencias de la Educación;Educación General (Incluye Capacitación, Pedagogía), Ciencias Sociales;Psicología;Psicología (Incluye Terapias de Aprendizaje, Habla, Visual y Otras Discapacidades Físicas y Mentales)",No Aplica
0000274852,"DIEGO FERNEY GOMEZ CAJAS, DIEGO ARMANDO LINDARTE RINCON, LUIS CLEMENTE MARTIN CASTRO, LISETH KARINE MOGOLLON RAMIREZ",Base de datos en español para reconocimiento de voz,Otro,False,,,Colombia,2006,Base de datos;Reconocimiento de voz;Codificación de voz,"Ingeniería y Tecnología;Ingenierías Eléctrica, Electrónica e Informática;Ingeniería Eléctrica y Electrónica",Actividades de asesoramiento y consultoría a las empresas
0000632350,"LILIANA VARGAS AGREDO, IVAN HERNANDO CAICEDO RUBIANO",APROXIMACION AL ESTADO DEL ARTE RIESGO-DESARROLLO URBANO.COLOMBIA,Otro,False,Aproximación a un estado del arte RIESGO-DESARROLLO.COLOMBIA,TC 41/2011-2,Colombia,2011,DESARROLLO SOSTENIBLE;DESARROLLO URBANO;GESTION DEL RIESGO,Humanidades;Arte;Arquitectura y Urbanismo,"Desarrollo Urbano, Productos y servicios para la defensa y protección del medio ambiente, incluyendo el desarrollo sostenible., Educación"
0000632350,"LILIANA VARGAS AGREDO, IVAN HERNANDO CAICEDO RUBIANO",PROPUESTA ESTRUCTURA CURRICULAR ESPECIALIZACION GESTION DEL RIESGO Y DESARROLLO URBANO,Otro,False,Contenido curricular Gestion del riesgo y desarrollo urbano,,Colombia,2011,GESTION DEL RIESGO;DESARROLLO SOSTENIBLE;DESARROLLO URBANO;PREVENCION DE DESASTRES;INVESTIGACION,Ciencias Sociales;Geografía Social y Económica;Estudios Urbanos (Planificación y Desarrollo),"Desarrollo Urbano, Productos y servicios para la defensa y protección del medio ambiente, incluyendo el desarrollo sostenible., Educación"
0000632350,"LILIANA VARGAS AGREDO, FRANCISCO LUIS ARCINIEGAS MOLINA","PROYECTO URBANO-PAISAJISTICO DEL SEPARADOR DE LA AVENIDA LOS LIBERTADORES DE ""PIEDRA NORTE A PIEDRA SUR""",Otro,False,Proyecto Urbano Paisajistico Avenida los Libertadores,06-11-2005,Colombia,2005,PAISAJISMO;ARBORIZACION;PATRIMONIO NATURAL,Ciencias Sociales;Geografía Social y Económica;Estudios Urbanos (Planificación y Desarrollo),"Desarrollo Urbano, Productos y servicios para la defensa y protección del medio ambiente, incluyendo el desarrollo sostenible."
0000632350,"LILIANA VARGAS AGREDO, FRANCISCO LUIS ARCINIEGAS MOLINA",CENSO ARBORÍSTICO PARA EL PROYECTO DE LEY DENOMINADO ¿EL ÁRBOL URBANO¿,Otro,False,EL ARBOL URBANO,06-062006,Colombia,2006,ARBORIZACION;PATRIMONIO NATURAL;PAISAJISMO;NORMATIVIDAD URBANA,Ciencias Sociales;Geografía Social y Económica;Estudios Urbanos (Planificación y Desarrollo),"Desarrollo Urbano, Productos y servicios para la defensa y protección del medio ambiente, incluyendo el desarrollo sostenible."
0000874493,FRANCISCO ARCINIEGAS MOLINA,EL ARBOL URBANO EN POPAYAN,Otro,False,,,Colombia,2006,ARBOL URBANO;PAISAJISMO;CENSO PAISAJE URBANO,Humanidades;Arte;Arquitectura y Urbanismo,"Productos y servicios para la defensa y protección del medio ambiente, incluyendo el desarrollo sostenible."
0001548397,"GERMAN ALBERTO MARTINEZ VARGAS, LILIANA VARGAS AGREDO, ALVARO VELASCO BLANCO",Análisis de Pertinencia. Especialización Gestión del riesgo de desastres integrada a la planificación territorial.,Otro,False,,,Colombia,2014,Arquitectura;Especialización;Gestión del Riesgo;Planificación territorial,"Humanidades;Arte;Arquitectura y Urbanismo, Ingeniería y Tecnología;Otras Ingenierías y Tecnologías;Otras Ingenierías y Tecnologías, Ciencias Sociales;Geografía Social y Económica;Estudios Urbanos (Planificación y Desarrollo)","Planeamiento y gestión de las ciudades, incluso política y planeamiento de vivienda, Administración pública, defensa y seguridad social"
0001548397,"GERMAN ALBERTO MARTINEZ VARGAS, VELASCO MAURICIO, HURTADO JHON FRED, MARTINEZ GERMAN ALBERTO",Vivienda Multifamiliar,Otro,False,Conjunto de Vivienda Multifamiliar en Cali,,Colombia,2002,Arquitectura;Investigación;Espacio público;Manejo del terreno;Paisajismo;Relaciones espaciales;Servicios comunitarios;Tecnología;Vivienda multifamiliar,Humanidades;Arte;Arquitectura y Urbanismo,Desarrollo Urbano
0001548397,"GERMAN ALBERTO MARTINEZ VARGAS, GUTIERREZ GUILLERMO, MARTINEZ GERMAN ALBERTO","ANGULO MARCELA , Edificios Multifamiliares",Otro,False,Edificios Multifamiliares en el norte de Popayán,,Colombia,2005,Análisis Urbano;Arquitectura;Espacio público;Investigación;Manejo del terreno;Paisajismo;Relaciones espaciales;Servicios comunitarios;Teoría de la Arquitectura;Vivienda multifamiliar;Tecnología,Humanidades;Arte;Arquitectura y Urbanismo,Desarrollo Urbano
0001548397,"GERMAN ALBERTO MARTINEZ VARGAS, GARCÍA YANETH, MARTINEZ VARGAS GERMAN ALBERTO",Vivienda aislada,Otro,False,VIVIENDA AISLADA,,Colombia,2000,Arquitectura;Investigación;Vivienda campestre;Antropometría;Manejo del terreno,Humanidades;Arte;Arquitectura y Urbanismo,Desarrollo rural
0001548397,"GERMAN ALBERTO MARTINEZ VARGAS, MARTINEZ PEDRO, MARTINEZ VARGAS GERMAN ALBERTO",Café libro,Otro,False,CAFÉ - LIBRO,,Colombia,1999,Arquitectura;Cafetería;Cultura;Investigación;Librería;Relaciones espaciales;Teoría de la Arquitectura,Humanidades;Arte;Arquitectura y Urbanismo,Desarrollo Urbano
0001548397,"GERMAN ALBERTO MARTINEZ VARGAS, DIAZ JUAN CARLOS, OCORÓ LUIS, MARTINEZ GERMAN, ROMULO",Análisis de la ciudad de Guacarí,Otro,False,Análisis y propuesta urbana para la ciudad de Guacarí - Valle del Cauca,,Colombia,2003,Arquitectura;Espacio público;Investigación;Manejo del terreno;Paisajismo;Parque lineal;Patrimonio;Servicios comunitarios;Tecnología;Teoría de la Arquitectura;Análisis Urbano;Servicios complementarios;Recuperación urbana,Humanidades;Arte;Arquitectura y Urbanismo,Desarrollo Urbano
0001548397,"GERMAN ALBERTO MARTINEZ VARGAS, SARZOSA JULIAN, HURTADO JHON FRED, MARTINEZ GERMAN, RUALES JENNY",Centro de Convenciones,Otro,False,Centro de Convenciones en el Sector Histórico de Popayán,,Colombia,2002,Arquitectura;Biblioteca;Cafetería;Ciencia;Cultura;Espacio público;Investigación;Manejo del terreno;Paisajismo;Parque lineal;Relaciones espaciales;Patrimonio;Auditorios;Exposiciones,Humanidades;Arte;Arquitectura y Urbanismo,Desarrollo Urbano
0001548397,"GERMAN ALBERTO MARTINEZ VARGAS, BELALCAZAR FABIAN, DIAZ JUAN CARLOS, MARTINEZ VARGAS GERMAN ALBERTO",Parque de la Astronomía,Otro,False,PARQUE DE LA ASTRONOMÍA,,Colombia,1999,Arquitectura;Investigación;Relaciones espaciales;Teoría de la Arquitectura;Astronomía;Observatorio astronómico;Observación del cielo nocturno;Ciencia;Tecnología,Humanidades;Arte;Arquitectura y Urbanismo,Desarrollo Urbano
0001548397,"GERMAN ALBERTO MARTINEZ VARGAS, CASTRILLÓN TOMÁS, ARAUJO PAOLA, MARTINEZ GERMAN ALBERTO",Levantamiento y propuesta arquitectónica de la Manzana No. 32,Otro,False,Levantamiento y propuesta arquitectónica de la Manzana No. 32 Sector Histórico de Popayán,,Colombia,2006,Análisis Urbano;Arquitectura;Investigación;Patrimonio;Recuperación urbana;Relaciones espaciales;Teoría de la Arquitectura;Vivienda Unifamiliar;Restauración,Humanidades;Arte;Arquitectura y Urbanismo,Desarrollo Urbano
0001548397,"GERMAN ALBERTO MARTINEZ VARGAS, ORTEGA MARÍA ISABEL, RIVERA LIDA PATRICIA, MARTINEZ GERMAN ALBERTO",Conjunto de vivienda unifamiliar,Otro,False,Conjunto de Vivienda Unifamiliar en la Comuna 2 de Popayán,,Colombia,2001,Arquitectura;Investigación;Manejo del terreno;Vivienda Unifamiliar;Espacio público;Servicios comunitarios;Paisajismo;Parque lineal;Quebrada Quitacalzón,Humanidades;Arte;Arquitectura y Urbanismo,Desarrollo Urbano
0001548397,"GERMAN ALBERTO MARTINEZ VARGAS, ZULUAGA JULIÁN, MARTINEZ VARGAS GERMAN ALBERTO",Reinterpretación de una pintura cubista,Otro,False,"Reinterpretación de la pintura ""Tres Músicos"" de Pablo Ruiz Picasso",,Colombia,2003,Cubismo;Cultura;Pintura;Investigación,No Aplica,No Aplica
0001548397,"GERMAN ALBERTO MARTINEZ VARGAS, RIVERA LIDA PATRICIA, MARTINEZ GERMAN ALBERTO, TOBAR SANTIAGO",Universidad en Palmira,Otro,False,Universidad en la ciudad de Palmira - Valle del Cauca,,Colombia,2004,Análisis Urbano;Arquitectura;Auditorios;Biblioteca;Espacio público;Investigación;Manejo del terreno;Paisajismo,Humanidades;Arte;Arquitectura y Urbanismo,Desarrollo Urbano
0001548397,"GERMAN ALBERTO MARTINEZ VARGAS, DIAZ JAVIER, RIVAS PATRICIA, MARTINEZ VARGAS GERMAN ALBERTO",Biblioteca Librería de la Juventud,Otro,False,BIBLIOTECA EN EL BARRIO CALDAS,,Colombia,2000,Arquitectura;Investigación;Librería;Manejo del terreno;Relaciones espaciales;Biblioteca,Humanidades;Arte;Arquitectura y Urbanismo,Desarrollo Urbano
0001548397,"GERMAN ALBERTO MARTINEZ VARGAS, LOPEZ JULIO, BOLAÑOS EDISSON, MARTINEZ GERMAN ALBERTO, TOBAR SANTIAGO",Aportes proyectuales en la Escuela Taller de Popayán al componente urbano de la ciudad. Casos de estudio Popayán - Cauca,Otro,False,Aportes proyectuales en la Escuela Taller de Popayán al componente urbano de la ciudad. Casos de estudio Popayán - Cauca,,Colombia,2007,Arquitectura;Investigación;Espacio público;Patrimonio;Recuperación urbana;Relaciones espaciales;Restauración;Tecnología;Parque;Centro Comercial,Humanidades;Arte;Arquitectura y Urbanismo,Desarrollo Urbano
0001430710,IVAN HERNANDO CAICEDO RUBIANO,MODULOS CICLO FUNDAMENTACION. ESPECIALIZACION GESTION DEL RIESGO Y DESARROLLO URBANO,Otro,False,CICLO FUNDAMENTACION - ESPECIALIZACION GESTION DEL RIESGO Y DESARROLLO URBANO,,Colombia,2011,AMENAZA;DESASTRE;RIESGO;VULNERABILIDAD;PLANIFICACION,Ciencias Sociales;Geografía Social y Económica;Estudios Urbanos (Planificación y Desarrollo),"Desarrollo Urbano, Productos y servicios para la defensa y protección del medio ambiente, incluyendo el desarrollo sostenible."
0001430710,IVAN HERNANDO CAICEDO RUBIANO,MODULOS CICLO COMPLEMENTACION ESPECIALIZACION GESTION DEL RIESGO Y DESARROLLO URBANO,Otro,False,MODULO CICLO COMPLEMENTACION ESPECIALIZACION GESTION DEL RIESGO Y DESARROLLO URBANO,,Colombia,2011,CONTROL FISICO;ELECTIVAS;REASENTAMIENTO HUMANO,Ciencias Sociales;Geografía Social y Económica;Estudios Urbanos (Planificación y Desarrollo),"Desarrollo Urbano, Productos y servicios para la defensa y protección del medio ambiente, incluyendo el desarrollo sostenible., Educación"
0001430710,IVAN HERNANDO CAICEDO RUBIANO,MODULOS CICLO ESPECIALIZACION- ESPECIALIZACION GESTION DEL RIESGO Y DESARROLLO URBANO,Otro,False,CICLO ESPECIALIZACION - ESPECIALIZACION GESTION DEL RIESGO Y DESARROLLO URBANO,,Colombia,2011,DESARROLLO URBANO;DESARROLLO SOSTENIBLE;PLANIFICACION,Ciencias Sociales;Geografía Social y Económica;Estudios Urbanos (Planificación y Desarrollo),"Desarrollo Urbano, Productos y servicios para la defensa y protección del medio ambiente, incluyendo el desarrollo sostenible., Educación"
0001430710,IVAN HERNANDO CAICEDO RUBIANO,DISEÑO PARA REMODELACIÓN ENMALLADO PLANTA DE LAVADO ¿ PLANTA CENTRAL DE ENSAMBLE MAZDA.,Otro,False,,,Colombia,1997,No Aplica,Humanidades;Arte;Arquitectura y Urbanismo,No Aplica
0001430710,IVAN HERNANDO CAICEDO RUBIANO,DISEÑO URBANISTICO PLANTA DE PRODUCCION FRITO LAY,Otro,False,,,Colombia,2007,No Aplica,Humanidades;Arte;Arquitectura y Urbanismo,No Aplica
0001430710,IVAN HERNANDO CAICEDO RUBIANO,DISEÑO ESQUEMA URBANÍSTICO ¿ANTEPROYECTO CONSTRUCCIÓN PARCELACIÓN PARA FINES DE VIVIENDA CAMPESTRE,Otro,False,,,Colombia,2000,No Aplica,Humanidades;Arte;Arquitectura y Urbanismo,No Aplica
0001430710,IVAN HERNANDO CAICEDO RUBIANO,SISTEMA DE SEGUIMIENTO AL PLAN DE ORDENAMIENTO TERRITORIALEXPEDIENTE MUNICIPAL ¿ FASE I ¿ DESARROLLO DE LA LINEA BASE,Otro,False,,,Colombia,2004,No Aplica,No Aplica,No Aplica
0001414879,JAIME ALBERTO DORADO JOAQUI,Propuesta de Zonas verdes Barrio la Estancia en Popayán,Otro,False,Propuesta Urbano-paisajistica Zonas verdes Barrio la Estancia,,Colombia,2007,No Aplica,No Aplica,No Aplica
0001414879,"JAIME ALBERTO DORADO JOAQUI, JULIAN ALBERTO PALECHOR BRAVO",Análisis Planimétrico Edificios Industria Licorera del Cauca,Otro,False,Análisis planimetrico ILC,sep 17 2010,Colombia,2012,No Aplica,Humanidades;Arte;Arquitectura y Urbanismo,Desarrollo Urbano
0001414879,"JAIME ALBERTO DORADO JOAQUI, JULIAN ALBERTO PALECHOR BRAVO, LILIANA VARGAS AGREDO",Caracterización Infraestructura Industria Licorera del Cauca,Otro,False,Caracterización espacial y funcional de la ILC,sep 17 2010,Colombia,2012,No Aplica,Humanidades;Arte;Arquitectura y Urbanismo,Desarrollo Urbano
0001496435,JUAN CARLOS FRANCISCO JOSE DIAZ REALPE,Banca Popayán,Otro,False,,,Colombia,2013,No Aplica,No Aplica,No Aplica
0001496435,JUAN CARLOS FRANCISCO JOSE DIAZ REALPE,Bolardo Popayán,Otro,False,,,Colombia,2012,No Aplica,No Aplica,No Aplica
0001496435,JUAN CARLOS FRANCISCO JOSE DIAZ REALPE,Piedra Popayán,Otro,False,,,Colombia,2010,No Aplica,No Aplica,No Aplica
0001548931,"JULIAN DAVID TOSSE ROSERO, DIAZ JUAN CARLOS, TOSSE JULIAN",Viviendas Unifamiliares,Otro,False,Viviendas Unifamiliares,,Colombia,2010,Arquitectura;Desarrollo urbano;Investigación;Paisajismo;Tecnología;Servicio comunitario,Humanidades;Arte;Arquitectura y Urbanismo,Desarrollo Urbano
0001548931,"JULIAN DAVID TOSSE ROSERO, VELASCO MAURICIO, TOSSE JULIAN",Solución de vivienda (bifamiliar y multifamiliar),Otro,False,Solución de vivienda (bifamiliar y multifamiliar),,Colombia,2013,Arquitectura;Desarrollo urbano;Espacio público;Investigación;Tecnología;Urbanismo,Humanidades;Arte;Arquitectura y Urbanismo,No Aplica
0001548931,"JULIAN DAVID TOSSE ROSERO, ARTUNDUAGA SANDRA, TOSSE JULIAN",Centro Cultural,Otro,False,Centro Cultural,,Colombia,2009,Arquitectura;Cultura;Educación;Investigación;Pedagogía;Trabajo social,Humanidades;Arte;Arquitectura y Urbanismo,Desarrollo Urbano
0001548931,"JULIAN DAVID TOSSE ROSERO, DIAZ JUAN CARLOS, TOSSE JULIAN",Vivienda Aislada,Otro,False,Vivienda Aislada,,Colombia,2009,Arquitectura;Investigación;Trabajo social;Desarrollo urbano;Paisajismo;Tecnología,Humanidades;Arte;Arquitectura y Urbanismo,Desarrollo Urbano
0001548931,"JULIAN DAVID TOSSE ROSERO, DE ANGULO BLUM ROBERTO, TOSSE JULIAN",Hotel,Otro,False,Hotel,,Colombia,2011,Arquitectura;Centros Urbanos;Desarrollo urbano;Intervención en BIC;Investigación;Paisajismo;Patrimonio;Tecnología,Humanidades;Arte;Arquitectura y Urbanismo,No Aplica
0001548931,"JULIAN DAVID TOSSE ROSERO, MORALES SORY, TOSSE JULIAN",Estación de Policía,Otro,False,Estación de Policía,,Colombia,2010,Arquitectura;Desarrollo urbano;Investigación;Tecnología;Apoyo institucional;Servicio comunitario;Seguridad,Humanidades;Arte;Arquitectura y Urbanismo,"Administración pública, defensa y seguridad social"
0001548931,"JULIAN DAVID TOSSE ROSERO, ALEGRÍA JOSE MANUEL, TOSSE JULIAN",Sede Asoarte,Otro,False,Sede ASOARTE - Centro Histórico de Popayán,,Colombia,2013,Arquitectura;Apoyo institucional;Centros Urbanos;Desarrollo urbano;Intervención en BIC;Investigación;Paisajismo;Patrimonio,Humanidades;Arte;Arquitectura y Urbanismo,No Aplica
0001548931,"JULIAN DAVID TOSSE ROSERO, VELASCO MAURICIO, TOSSE JULIAN",Vivienda Multifamiliar,Otro,False,Vivienda Multifamiliar,,Colombia,2011,Arquitectura;Desarrollo urbano;Investigación;Paisajismo;Tecnología,Humanidades;Arte;Arquitectura y Urbanismo,Desarrollo Urbano
0001548931,"JULIAN DAVID TOSSE ROSERO, RIVERA LIDA, TOSSE JULIAN",Estación Metropolitana de Policía,Otro,False,Estación Metropolitana de Policía,,Colombia,2012,Arquitectura;Apoyo institucional;Desarrollo urbano;Investigación;Paisajismo;Seguridad;Servicio comunitario;Tecnología,Humanidades;Arte;Arquitectura y Urbanismo,No Aplica
0001548931,"JULIAN DAVID TOSSE ROSERO, ERAZO MAGDA, TOSSE JULIAN",Análisis de ciudad,Otro,False,Análisis de ciudad,,Colombia,2012,Arquitectura;Apoyo institucional;Centros Urbanos;Desarrollo urbano;Espacio público;Intervención en BIC;Investigación;Movilidad;Paisajismo;Patrimonio;Tecnología;Trabajo social;Urbanismo,Humanidades;Arte;Arquitectura y Urbanismo,Desarrollo Urbano
0001425085,"LORENA VILLAQUIRAN LOPEZ, CAROLINA CARBALLO MATIZ",Inventario cualitativo de los parques y zonas verdes en el area urbana de la ciudad de Popayán,Otro,False,Inventario cualitativo de los parques y zonas verdes en el area urbana de la ciudad de Popayán,,Colombia,2010,Cerros tutelares;Espacio publico;Parques y zonas verdes;Puntos de encuentro,Humanidades;Arte;Arquitectura y Urbanismo,Desarrollo Urbano
0001425085,"LORENA VILLAQUIRAN LOPEZ, SORY ALEXANDER MORALES FERNANDEZ",Diseño urbano-paisajistico de cicloruta para la zona rural de la Tetilla en la ciudad de Popayán,Otro,False,Cicloruta via la Tetilla,,Colombia,2007,Cicloruta;Espacio publico;Movilidad;Inclusión social;Vegetación;Sostenibilidad,Humanidades;Arte;Arquitectura y Urbanismo,"Productos y servicios para la defensa y protección del medio ambiente, incluyendo el desarrollo sostenible., Desarrollo rural, Planeamiento y gestión de las ciudades, incluso política y planeamiento de vivienda"
0001425085,"LORENA VILLAQUIRAN LOPEZ, LIDA PATRICIA RIVERA, Caracterización, Diagnóstico y Propuesta Arquitectónica Hospital Laboyos, nivel II",Municipio de Pitalito (Huila),Otro,False,,,Colombia,2009,Espacio publico;Imagen de ciudad;Inclusión social;Planificacion urbana;Sostenibilidad;Vegetación;Zona verde,Humanidades;Arte;Arquitectura y Urbanismo,"Desarrollo Urbano, Planeamiento y gestión de las ciudades, incluso política y planeamiento de vivienda"
0001425085,"LORENA VILLAQUIRAN LOPEZ, CAROLINA CARBALLO MATIZ, SORY ALEXANDER MORALES FERNANDEZ",Propuesta de renovación urbana del Municipio de San Pablo Nariño,Otro,False,Propuesta de renovación urbana del Municipio de San Pablo Nariño,,Colombia,2009,Espacio publico;Imagen de ciudad;Inclusión social;Planificacion urbana;Usos de suelo,Humanidades;Arte;Arquitectura y Urbanismo,"Desarrollo Urbano, Desarrollo rural"
0001425085,"LORENA VILLAQUIRAN LOPEZ, MAGDA YISED ERAZO MUNOZ","Inventario de vegetación existente en el área de uso académico, Sede Los Robles. FUP",Otro,False,,,Colombia,2009,Vegetación;Zona verde,Humanidades;Arte;Arquitectura y Urbanismo,"Productos y servicios para la defensa y protección del medio ambiente, incluyendo el desarrollo sostenible."
0001425085,"LORENA VILLAQUIRAN LOPEZ, CAROLINA CARBALLO MATIZ, MAGDA YISED ERAZO MUNOZ",Diagnostico de los Parques y zonas verdes en el area urbana de la ciudad de Popayán,Otro,False,Diagnóstico Parques y Zonas Verdes,2011-12-2,Colombia,2010,Parques;Zona verde;Espacio publico;Inclusión social;Cerros tutelares,Humanidades;Arte;Arquitectura y Urbanismo,Desarrollo Urbano
0001425085,"LORENA VILLAQUIRAN LOPEZ, CAROLINA CARBALLO MATIZ, SORY ALEXANDER MORALES FERNANDEZ, FAUSTO TRUJILLO, CARLOS SALDANA",Esquema Básico arquitectónico Sede Fundación Universitaria de Popayán,Otro,False,,,Colombia,2010,Apropiación;Inclusión social;Movilidad;Puntos de encuentro;Sostenibilidad;Espacio publico,Humanidades;Arte;Arquitectura y Urbanismo,"Planeamiento y gestión de las ciudades, incluso política y planeamiento de vivienda, Desarrollo Urbano"
0001425085,"LORENA VILLAQUIRAN LOPEZ, MAGDA YISED ERAZO MUNOZ, CAROLINA CARBALLO MATIZ",Plan de marketing de la red de parques en la ciudad de Popayán,Otro,False,Popayán una ciudad de parques que comparte,,Colombia,2010,Construccion de ciudadania;Plan de marketing;Planificacion urbana;Sostenibilidad;Parques y zonas verdes;Inclusión social,Humanidades;Arte;Arquitectura y Urbanismo,"Desarrollo Urbano, Planeamiento y gestión de las ciudades, incluso política y planeamiento de vivienda, Productos y servicios para la defensa y protección del medio ambiente, incluyendo el desarrollo sostenible."
0001425085,"LORENA VILLAQUIRAN LOPEZ, MAGDA YISED ERAZO MUNOZ, CAROLINA CARBALLO MATIZ",Diseño arquitectonico Centro comercial Anarkos. Ciudad de Popayán,Otro,False,Diseño Centro comercial Anarkos. ,,Colombia,2008,Patrimonio;Inclusión social;Espacio publico;Puntos de encuentro;Planificacion urbana;Apropiación,Humanidades;Arte;Arquitectura y Urbanismo,"Desarrollo Urbano, Planeamiento y gestión de las ciudades, incluso política y planeamiento de vivienda"
0001425085,"LORENA VILLAQUIRAN LOPEZ, CAROLINA CARBALLO MATIZ, SORY ALEXANDER MORALES FERNANDEZ",Análisis urbano y Diagnóstico del Municipio de San Pablo Nariño,Otro,False,,,Colombia,2009,Imagen de ciudad;Espacio publico;Puntos de encuentro;Usos de suelo,Humanidades;Arte;Arquitectura y Urbanismo,Desarrollo Urbano
0000002832,MAGDA YISED ERAZO MUNOZ,Propuesta urbana del sector histórico de la ciudad de Popayán en el marco de su Plan Especial de Manejo y Protecció,Otro,False,PEMP SECTOR HISTÓRICO DE POPAYAN,340 de 2007,Colombia,2009,No Aplica,No Aplica,No Aplica
0000019254,"MARIA CAMILA RODRIGUEZ BEDOYA, ANDRES FELIPE CALVACHE MUNOZ",Caracterización general Municipio Popayán. Población.,Otro,False,,,Colombia,2013,No Aplica,No Aplica,Desarrollo Urbano
0001428378,"MARIA GLADYS ARISTIZABAL DE OREJUELA, LILIANA VARGAS AGREDO, LIDA PATRICIA RIVERA PALOMINO, EDWARD ARMANDO PINZON QUESADA, MANUEL ALEJANDRO LOSADA ROMERO","Formulación Metodológica para el desarrollo de la Consultoría en temas de Género para el Proyecto de vivienda denominado "" Ciudad Futuro Las Guacas"".",Otro,False,Metodologia Consultoria en temas de Género Ciudad Futuro Las Guacas,2009-3,Colombia,2009,PERSPECTIVA DE GENERO;SALUD REPRODUCTIVA;MANEJO Y PREVENCION DE DESASTRES;AUTOCONSTRUCCION,Ciencias Sociales;Geografía Social y Económica;Estudios Urbanos (Planificación y Desarrollo),"Desarrollo Urbano, Productos y servicios para la defensa y protección del medio ambiente, incluyendo el desarrollo sostenible."
0001428378,"MARIA GLADYS ARISTIZABAL DE OREJUELA, LILIANA VARGAS AGREDO, LIDA PATRICIA RIVERA PALOMINO, EDWARD ARMANDO PINZON QUESADA, MANUEL ALEJANDRO LOSADA ROMERO","Definición Marco Lógico Consultoria en temas de género para el proyecto de vivienda denominado ""Ciudad Futuro Las Guacas"".",Otro,False,Marco Lógico Capacitación Las Guacas.,2009-3,Colombia,2009,PERSPECTIVA DE GENERO;AUTOCONSTRUCCION;MANEJO Y PREVENCION DE DESASTRES;SALUD REPRODUCTIVA;PLANEACION URBANA,Ciencias Sociales;Geografía Social y Económica;Estudios Urbanos (Planificación y Desarrollo),"Desarrollo Urbano, Productos y servicios para la defensa y protección del medio ambiente, incluyendo el desarrollo sostenible."
0000019646,"PAOLA ANDREA HERRERA MOLINA, RAUL EDUARDO CARVAJAL GUZMAN",Caracterización general Infraestructura en Salud- Area Urbana Popayán,Otro,False,,,Colombia,2013,No Aplica,No Aplica,Desarrollo Urbano
0000019647,"RAUL EDUARDO CARVAJAL GUZMAN, PAOLA ANDREA HERRERA MOLINA",Caracterización General Infraestructura Salud. Area Urbana de Popayán,Otro,False,,,Colombia,2013,No Aplica,No Aplica,Desarrollo Urbano
0000433349,ISABEL RAMIREZ MEJIA,MANUAL PARA EL MANEJO DE LA VEGETACIÓN EN EL ESPACIO PÚBLICO DE POPAYAN - CAUCA,Otro,False,,,Colombia,2007,No Aplica,No Aplica,No Aplica
0000215341,"PEDRO ANTONIO MORENO TOVAR, MANUEL ELKIN PATARROYO, JAMES VALENCIA, CARLOS SOTO","LOCUS MLU 49438. DEFINITION: Mycobacterium leprae 72.2 Jda protein gene, partial cds. ACCESSION: U49838",Otro,False,,,Colombia,1999,No Aplica,"Ciencias Médicas y de la Salud;Ciencias de la Salud;Salud Pública, Ciencias Naturales;Ciencias Biológicas;Biología (Teórica, Matemática, Criobiología, Evolutiva), Ciencias Naturales;Ciencias Biológicas;Genética y Herencia",Salud humana
0001484861,GEOVANNY ALBERTO CATAMUSCAY MEDINA,TORCOPREN´S Segunda fase (Automatización),Otro,False,TORCOPREN¿S,,Colombia,2012,No Aplica,No Aplica,No Aplica
0000215899,"LUIS FERNANDO MOLINEROS GALLON, ORLANDO MONTENEGRO, NURY ARCOS, ELSA NANCY NARVAEZ PAREDES, ALEXANDRA ROMO, GUILLERMO RUIZ",Jóvenes sembrando Semillas de Respaldo y Confianza,Otro,False,,,Colombia,2003,Semilleros;Investigación;Proyectos;RedCOLSI;Semilleros;RedCOLSI;Investigación;Formación,"Ciencias Sociales;Ciencias de la Educación;Educación General (Incluye Capacitación, Pedagogía)",No Aplica
0000544191,CARLOS HERNAN ANDRADE FALLA,MODELO DE GESTIÓN BASADO EN EL CUADRO DE MANDO INTEGRAL PARA LA INSTITUCIÓN UNIVERSITARIA COLEGIO MAYOR DEL CAUCA DE LA CIUDAD DE POPAYÁN,Otro,False,Cuadro de Mando Integral,No aplica,Colombia,2011,Gestión;Planeación Estratégica,Ciencias Sociales;Economía y Negocios;Negocios y Management,No Aplica
0000707813,DIEGO CORAL CORAL,Liquid sample holder for SAXS measurements in presence of static magnetic field,Otro,False,palminetico,,Brasil,2012,No Aplica,No Aplica,No Aplica
0000037632,RAUL ARTURO LASSO LOPEZ,Aplicativo para Microempresas Sistema de Gestión en Seguridad y Salud en el Trabajo,Otro,False,Sistema de Gestión Seguridad y Salud en el Trabajo para Microempresas,,Colombia,2016,No Aplica,Ciencias Médicas y de la Salud;Ciencias de la Salud;Salud Ocupacional,Otros sectores
0000061425,TULIO ENRIQUE ROJAS CURIEUX,Base de Datos de la Encuesta Sociolingüística Lenguas Nasa Yuwe y Namtrik,Otro,False,,,Colombia,2008,No Aplica,No Aplica,No Aplica
0001363094,FABIO ANDRES BAHOS NARVAEZ,Resistivity-capacitance smart water cut tool,Otro,False,Smart water cut tool - SWC ,,Colombia,2016,No Aplica,No Aplica,No Aplica
