idgruplac,verificado,tipo,nombre,lugar,fecha,disponibilidad,url,nombre_comercial,nombre_proyecto,institucion,autores
00000000008516,True,Computacional,TOPOLOGIAS DE RED,Colombia,2012,Restringido,Colegio Mayor Del Cauca - Institución Universitaria,,,Colegio Mayor Del Cauca - Institución Universitaria,"ALBERTO BRAVO BUCHELY, DAYNER ORDONEZ LOPEZ"
00000000003792,True,Computacional,SISTEMA DE INFORMACION GEOGRAFICA PARA LA VIGILANCIA EPIDEMIOLOGICA DE CARTAGENA (SIVIEP MAP 1.0),Colombia,2016,Restringido,CORPORACION UNIVERSITARIA RAFAEL NUÑEZ,SIVIEP,,CORPORACION UNIVERSITARIA RAFAEL NUÑEZ,"YULIANA VANESA PUERTA CRUZ, JUAN CONTRERAS MONTES, MARIA CLAUDIA BONFANTE RODRIGUEZ, JOAQUIN SEGUNDO SILVA ROMERO"
00000000008156,True,Computacional,BS-PCAA,Colombia,2017,Restringido,UNIVERSIDAD DEL CAUCA,"BS-PCAA, DISEÑO DE PAVIMENTOS RIGIDOS METODOS PCA Y AASHTO",,UNIVERSIDAD DEL CAUCA,"EFRAIN DE JESUS SOLANO FAJARDO, CARLOS ALBERTO BENAVIDES BASTIDAS"
00000000008156,True,Computacional,SEMAFORO,Colombia,2017,Restringido,UNIVERSIDAD DEL CAUCA,SEMAFORO. CALCULO DE TIEMPOS DE SEMAFORO,,UNIVERSIDAD DEL CAUCA,"EFRAIN DE JESUS SOLANO FAJARDO, CARLOS ALBERTO ARBOLEDA VELEZ, NELSON RIVAS MUNOZ"
00000000008156,True,Computacional,CLIMA,Colombia,2017,Restringido,UNIVERSIDAD DEL CAUCA,CLIMA. ANALISIS SERIE HISTORICA DE LAS ESTACIONES CLIMATICAS DEL IDEAM,,UNIVERSIDAD DEL CAUCA,EFRAIN DE JESUS SOLANO FAJARDO
00000000005361,True,Computacional,EDUNEWTON Aplicación Móvil para el aprendizaje de las Leyes de Newton,Colombia,2019,Restringido,CORPORACIÓN UNIVERSITARIA COMFACAUCA - UNICOMFACAUCA,EDUNEWTON,,CORPORACIÓN UNIVERSITARIA COMFACAUCA - UNICOMFACAUCA,"VICTOR RENE OLAVE PORTILLA, SANDRA JULIANA VIVAS IDROBO, ARY FABIAN VOLVERAS ESPINOSA"
00000000006505,True,Computacional,CROWN THE VIRUS,Colombia,2020,No restringido,Colegio Mayor Del Cauca - Institución Universitaria,CROWN THE VIRUS,,Colegio Mayor Del Cauca - Institución Universitaria,"KATERINE MARCELES VILLALBA, ANDRES GUTIERREZ, SEBASTIAN MONDRAGON, DANIEL POSADA"
00000000015675,True,Computacional,Modulo de minería de datos geográficos,Colombia,2016,Restringido,Departamento Administrativo De Planeación Nacional,MMDG,,Departamento Administrativo De Planeación Nacional,JOSE ARMANDO ORDONEZ CORDOBA
00000000015675,True,Computacional,KITEKIWE,Colombia,2016,Restringido,FUNDACION UNIVERSITARIA DE POPAYAN,KITEKIWE,,FUNDACION UNIVERSITARIA DE POPAYAN,"JOSE ARMANDO ORDONEZ CORDOBA, JENNYFER CECILIA LOPEZ LLANTEN, KELLY GIOVANNA MUNOZ BALCAZAR"
00000000005361,True,Computacional,ENGLISH LEVEL 2: RESOURCE,Colombia,2020,Restringido,No Aplica,ENGLISH LEVEL 2: RESOURCE,,No Aplica,SANDRA JULIANA VIVAS IDROBO
00000000005361,True,Computacional,Eduintegra,Colombia,2020,Restringido,CORPORACIÓN UNIVERSITARIA COMFACAUCA - UNICOMFACAUCA,EDUINTEGRA,,CORPORACIÓN UNIVERSITARIA COMFACAUCA - UNICOMFACAUCA,"SANDRA JULIANA VIVAS IDROBO, VICTOR RENE OLAVE PORTILLA, ARY FABIAN VOLVERAS ESPINOSA"
00000000015675,True,Computacional,Lawyer - Plataforma de minería de texto para la busqueda de sentencias jurisprudenciales,Colombia,2018,Restringido,FUNDACION UNIVERSITARIA DE POPAYAN,Lawyer,,FUNDACION UNIVERSITARIA DE POPAYAN,"JOSE ARMANDO ORDONEZ CORDOBA, CRISTIAN CAMILO ORDONEZ QUINTERO"
00000000010553,True,Computacional,HERRAMIENTA ACADÉMICA ALFA DE CRONBACH V1.0,Colombia,2018,Restringido,Colegio Mayor Del Cauca - Institución Universitaria,HERRAMIENTA ACADÉMICA ALFA DE CRONBACH V1.0,,Colegio Mayor Del Cauca - Institución Universitaria,"MARIA FERNANDA SEMANATE SOLIS, GABRIEL ELIAS CHANCHI GOLONDRINO"
00000000008156,True,Computacional,MTA,Colombia,2017,Restringido,UNIVERSIDAD DEL CAUCA,MTA. CALCULO DE ESFUERZOS Y DEFORMACION EN MUROS DE TIERRA REFORZADA CON GEOSINTETICOS,,UNIVERSIDAD DEL CAUCA,EFRAIN DE JESUS SOLANO FAJARDO
00000000016879,True,Computacional,Aplicación Móvil FACECA DIGITAL,Colombia,2020,Restringido,FUNDACION UNIVERSITARIA DE POPAYAN,FACECA DIGITAL,,FUNDACION UNIVERSITARIA DE POPAYAN,ELIANA FERNANDEZ RENGIFO
00000000002153,True,Computacional,MAFUS - Aplicación de Gestión para Estaciones de Usuario,Colombia,2005,Restringido,UNIVERSIDAD DEL CAUCA,MAFUS,13-14-346,UNIVERSIDAD DEL CAUCA,"GUEFRY LEIDER AGREDO MENDEZ, NATALICA CAROLINA MAYA, EVA JULIANA MAYA"
00000000005833,True,Computacional,PICAFÉ 1.0,Colombia,2017,Restringido,UNIVERSIDAD DEL CAUCA,PICAFÉ 1.0,,UNIVERSIDAD DEL CAUCA,"DIEGO ANDRES CAMPO CEBALLOS, CARLOS ALBERTO GAVIRIA LOPEZ, DAVID ARMANDO REVELO LUNA"
00000000005833,True,Computacional,THERMAL_INDEX,Colombia,2018,Restringido,No Aplica,THERMAL_INDEX V1.0,,No Aplica,"DIEGO ANDRES CAMPO CEBALLOS, DAVID ARMANDO REVELO LUNA, MIGUEL RICARDO PENA VARON"
00000000005833,True,Computacional,ALGORITMO DE CLASIFICACIÓN DE CAFÉ CEREZA VARIEDAD CASTILLA,Colombia,2019,Restringido,CORPORACIÓN UNIVERSITARIA COMFACAUCA - UNICOMFACAUCA,,,CORPORACIÓN UNIVERSITARIA COMFACAUCA - UNICOMFACAUCA,"LUIS FERNANDO ALAPE REALPE, JULIO EDUARDO MEJIA MANZANO, VICTOR HUGO PINTO RODRIGUEZ"
00000000005833,True,Computacional,MODULO DE COMINUCACIÓN PARA MAQUINA DE CONSOLIDACIÓN UNIDIMENSIONAL,Colombia,2019,Restringido,CORPORACIÓN UNIVERSITARIA COMFACAUCA - UNICOMFACAUCA,,,CORPORACIÓN UNIVERSITARIA COMFACAUCA - UNICOMFACAUCA,JULIO EDUARDO MEJIA MANZANO
00000000005833,True,Computacional,SISTEMA DE MONITOREO REMOTO PARA CULTIVOS EN INVERNADERO,Colombia,2019,Restringido,CORPORACIÓN UNIVERSITARIA COMFACAUCA - UNICOMFACAUCA,SISTEMA DE MONITOREO REMOTO PARA CULTIVOS EN INVERNADERO,,CORPORACIÓN UNIVERSITARIA COMFACAUCA - UNICOMFACAUCA,"JULIO EDUARDO MEJIA MANZANO, DAVID ARMANDO REVELO LUNA, JHON ALEXANDER GUERRERO NARVAEZ"
00000000005833,True,Computacional,VEGATATIVE INDEX CALCULATION,Colombia,2019,Restringido,CORPORACIÓN UNIVERSITARIA COMFACAUCA - UNICOMFACAUCA,VEGATATIVE INDEX CALCULATION,,CORPORACIÓN UNIVERSITARIA COMFACAUCA - UNICOMFACAUCA,"JULIO EDUARDO MEJIA MANZANO, JOSE MANUEL GUANARITA CASTILLO, DIEGO RIVERA VASQUEZ"
00000000005833,True,Computacional,APLICACIÓN PARA LA MEDICIÓN DE PULSOS DE CORAZÓN,Colombia,2019,Restringido,CORPORACIÓN UNIVERSITARIA COMFACAUCA - UNICOMFACAUCA,,,CORPORACIÓN UNIVERSITARIA COMFACAUCA - UNICOMFACAUCA,"DIEGO ANDRES CAMPO CEBALLOS, JULIO EDUARDO MEJIA MANZANO"
00000000008156,True,Computacional,TRANSITO,Colombia,2017,Restringido,UNIVERSIDAD DEL CAUCA,TRANSITO. ANALISIS DE LA SERIE HISTORICA ESTACIONES DE CONTEO Y CALCULO DE ESPECTROS DE CARGA,,UNIVERSIDAD DEL CAUCA,EFRAIN DE JESUS SOLANO FAJARDO
00000000008156,True,Computacional,SIMCAR,Colombia,2017,Restringido,UNIVERSIDAD DEL CAUCA,SIMCAR. SIMULACION DE LA CIRCULACION DE VEHICULOS EN CARRETERAS DE UNA CALZADA Y DOS CALZADAS,,UNIVERSIDAD DEL CAUCA,"EFRAIN DE JESUS SOLANO FAJARDO, CARLOS ALBERTO ARBOLEDA VELEZ"
00000000005833,True,Computacional,SISTEMA DE INFORMACIÓN DE PROCESAMIENTO DE IMÁGENES Y VISUALIZACIÓN DE NDVI GEOREFENCIADO,Colombia,2019,Restringido,CORPORACIÓN UNIVERSITARIA COMFACAUCA - UNICOMFACAUCA,SISTEMA DE INFORMACIÓN DE PROCESAMIENTO DE IMAGENES Y VISUALIZACIÓN DE NDVI GEOREFENCIADO,,CORPORACIÓN UNIVERSITARIA COMFACAUCA - UNICOMFACAUCA,"JULIO EDUARDO MEJIA MANZANO, DAVID ARMANDO REVELO LUNA, JOSE MANUEL GUANARITA CASTILLO, DIEGO RIVERA VASQUEZ, FRANCISCO JAVIER OBANDO VIDAL, BIBIANA PATRICIA MONTOYA BONILLA"
00000000008160,True,Computacional,MAFUS (Management Application for User Stations),Colombia,2005,Restringido,UNIVERSIDAD DEL CAUCA,MAFUS,,UNIVERSIDAD DEL CAUCA,"EVA JULIANA MAYA ORTIZ, GUEFRY LEYDER AGREDO MENDEZ, NATALIA CAROLINA MAYA ORTIZ"
00000000002157,True,Computacional,Portal de la Comunidad de Actores de Ciencia y Tecnología de los Departamentos del Pacífico Colombiano,Colombia,2002,Restringido,No Aplica,Comunidad de Actores de Ciencia y Tecnología de los Departamentos del Pacífico Colombiano,Red de actores regionales de ciencia y tecnología de los departamentos del pacifico Colombiano,No Aplica,"MARTHA ELIANA MENDOZA BECERRA, CARLOS ALBERTO COBOS LOZADA, ROBERTO CARLOS NARANJO"
00000000006175,True,Computacional,DESARROLLO DE UNA APLICACIÓN MÓVIL PARA CONTROL DEL PROTOTIPO PARA REHABILITACIÓN DE TOBILLO,Colombia,2020,Restringido,CORPORACIÓN UNIVERSITARIA COMFACAUCA - UNICOMFACAUCA,DESARROLLO DE UNA APLICACIÓN MÓVIL PARA CONTROL DEL PROTOTIPO PARA REHABILITACIÓN DE TOBILLO,,CORPORACIÓN UNIVERSITARIA COMFACAUCA - UNICOMFACAUCA,"SAUL EDUARDO RUIZ SARZOSA, VICTORIA EUGENIA PATINO ARENAS, JULIO EDUARDO MEJIA MANZANO, DAVID ARMANDO REVELO LUNA, DIANA JIMENA LOPEZ MESA"
00000000008159,True,Computacional,FarmBrain,Colombia,2020,No restringido,Ecotecma SAS,FarmBrain,,Ecotecma SAS,"JUAN FERNANDO CASANOVA OLAYA, MARIA CRISTINA ORDONEZ DIAZ"
00000000006175,True,Computacional,SISTEMA DE CONTROL DE POSICIÓN PARA PROTOTIPO DE PRONO-SUPINACIÓN EN PACIENTES CON PROBLEMAS DE MIEMBRO SUPERIOR,Colombia,2020,Restringido,CORPORACIÓN UNIVERSITARIA COMFACAUCA - UNICOMFACAUCA,,,CORPORACIÓN UNIVERSITARIA COMFACAUCA - UNICOMFACAUCA,"VICTORIA EUGENIA PATINO ARENAS, JULIO EDUARDO MEJIA MANZANO, SAUL EDUARDO RUIZ SARZOSA, LAURA DANIELA ORDIEREZ ZUNIGA"
00000000000694,True,Computacional,RoboSurgery,Colombia,2013,Restringido,UNIVERSIDAD DEL CAUCA,RoboSurgery,Herramienta software para la práctica y experimentación de la robótica quirúrgica,UNIVERSIDAD DEL CAUCA,"OSCAR ANDRES VIVAS ALBAN, DIEGO ENRIQUE GUZMAN VILLAMARIN"
00000000000694,True,Computacional,BREAST ELASTOGRAPHY TOOLKIT (BELA TOOLKIT),Colombia,2018,Restringido,UNIVERSIDAD DEL CAUCA,BREAST ELASTOGRAPHY TOOLKIT (BELA TOOLKIT),,UNIVERSIDAD DEL CAUCA,"JULIAN ANTONIO VILLAMARIN MUNOZ, JOSE FERNANDO BARRERA CAMPO, JESUS DAVID RAMIREZ MEDINA, CARLOS ALBERTO GAVIRIA LOPEZ, ELENA MUNOZ ESPANA"
00000000008160,True,Computacional,PLATAFORMA CIBELES: CONSULTA DE INFORMACIÓN BASADA EN LOCALIZACIÓN ESPACIAL,Colombia,2011,Restringido,No Aplica,CIBELES,MINISERIO DEL INTERIOR-DIRECCION NACIONAL DE DERECHO DE AUTOR-UNIDAD ADMINISTRATIVA ESPECIAL-OFICINA DE REGISTRO,No Aplica,"JUAN CARLOS CORRALES MUNOZ, APOLINAR FIGUEROA"
00000000000694,True,Computacional,PICAFÉ 1.0,Colombia,2019,Restringido,Sistema General de Regalías,PICAFE 1.0,,Sistema General de Regalías,"DIEGO ANDRES CAMPO CEBALLOS, CARLOS ALBERTO GAVIRIA LOPEZ"
00000000008160,True,Computacional,MVA: MODULO DE VARIABLES AMBIENTALES BAJO UNA PERSPECTIVA DE ARQUITECTURA BASADA EN SERVICIOS,Colombia,2011,Restringido,No Aplica,MVA,MINISTERIO DEL INTERIOR - DIRECCION NACIONAL DE DERECHO DE AUTOR - UNIDAD ADMINISTRATIVA ESPECIAL - OFICINA DE REGISTRO,No Aplica,"JUAN CARLOS CORRALES MUNOZ, APOLINAR FIGUEROA"
00000000006175,True,Computacional,MONITOREO DE PARAMETROS EN TIEMPO REAL CON CONEXIÓN REMOTO A LA NUBE Y PROTECCIÓN DE USUARIOS,Colombia,2018,Restringido,Instituto Colombiano Del Petróleo,safewireless monitor,,Instituto Colombiano Del Petróleo,"LUZ ADRIANA PLAZAS PEMBERTHY, CARLOS AUGUSTO ANDRADE ERASO, ALVARO PRADA VELASQUEZ"
00000000002157,True,Computacional,SPAR ¿ Repositorio de Acceso Público basado en SCORM (SCORM Public Access Repository),Colombia,2007,Restringido,Microsoft Research / Universidad del Cauca,,,Microsoft Research / Universidad del Cauca,"CARLOS ALBERTO COBOS LOZADA, MARTHA ELIANA MENDOZA BECERRA, ERWIN MEZA VEGA, JESUS EDUARDO MUNOZ SILVA, JORGE GIRALDO"
00000000006505,True,Computacional,Playdisgram,Colombia,2020,Restringido,Colegio Mayor Del Cauca - Institución Universitaria,Playdisgram,,Colegio Mayor Del Cauca - Institución Universitaria,"KATERINE MARCELES VILLALBA, DANIEL ALEXANDER FAJARDO ORDONEZ, EDUAR RUIZ GOMEZ, NELSON ALEJANDRO HOYOS HURTADO, GABRIEL ELIAS CHANCHI GOLONDRINO"
00000000002157,True,Computacional,INDEPENDENCIA: JUEGO DE ESTRATEGIA EN 3D BASADO EN HECHOS IMPORTANTES DE LA CAMPAÑA LIBERTADORA DE COLOMBIA,Colombia,2007,Irrestricta,UNIVERSIDAD DEL CAUCA,,,UNIVERSIDAD DEL CAUCA,"NORMAN HERNANDO MUNOZ FANDINO, WILLIAM RIVERA, CARLOS ALBERTO COBOS LOZADA"
00000000002157,True,Computacional,"COMUNIDAD VIRTUAL DE SALUD PARA APOYAR LOS PROCESOS DE PREVENCION, DIAGNOSTICO Y CONTROL DE LA TUBERCULOSIS EN EL DEPARTAMENTO DEL CAUCA - COLOMBIA",Colombia,2008,Restringido,UNIVERSIDAD DEL CAUCA,"COMUNIDAD VIRTUAL DE SALUD PARA APOYAR LOS PROCESOS DE PREVENCION, DIAGNOSTICO Y CONTROL DE LA TUBERCULOSIS EN EL DEPARTAMENTO DEL CAUCA - COLOMBIA",DERAUTOR:13-19-352,UNIVERSIDAD DEL CAUCA,"LUZ MARINA SIERRA MARTINEZ, ROBERTO CARLOS NARANJO, WILSON ORTEGA, SANDRA ROA"
00000000002157,True,Computacional,EAV MOBILE DIAGNOSTIC,Colombia,2010,Restringido,No Aplica,,,No Aplica,CARLOS ALBERTO COBOS LOZADA
00000000002157,True,Computacional,CMIN 1.0 ¿ HERRAMIENTA CASE PARA EL SOPORTE DE PROYECTOS DE MINERÍA DE DATOS BASADO EN CRISP-DM,Colombia,2010,Restringido,UNIVERSIDAD DEL CAUCA,,CMIN 1.0 ¿ HERRAMIENTA CASE PARA EL SOPORTE DE PROYECTOS DE MINERÍA DE DATOS BASADO EN CRISP-DM,UNIVERSIDAD DEL CAUCA,CARLOS ALBERTO COBOS LOZADA
00000000002157,True,Computacional,EWA: COMUNIDAD VIRTUAL DE APOYO A LOS PROCESOS DE ETNOEDUCACIÓN DE LA COMUNIDAD NASA,Colombia,2010,Restringido,No Aplica,EWA: COMUNIDAD VIRTUAL DE APOYO A LOS PROCESOS DE ETNOEDUCACIÓN DE LA COMUNIDAD NASA,Comunidad Virtual de Apoyo a los Procesos de Etnoeducación de la Comunidad Indígena Nasa,No Aplica,"LUZ MARINA SIERRA MARTINEZ, ROBERTO CARLOS NARANJO, TULIO ENRIQUE ROJAS CURIEUX, DIEGO BENAVIDES RODRIGUEZ, OSCAR ANDRES BENAVIDES RODRIGUEZ, RONALD ARBELAEZ, WILLIAM IDROBO, JOSE LUIS LOPEZ, FREDDY MINA, WILLIAM RUIZ, GERMAN VELASCO"
00000000002157,True,Computacional,CAIF-PFT,Colombia,2011,No restringido,No Aplica,CAIF-PFT,DIRECCION NACIONAL DE DERECHO DE AUTOR,No Aplica,NESTOR DIAZ MARINO
00000000002157,True,Computacional,Aprendiendo Sistemas Operativos,Colombia,2011,No restringido,No Aplica,Aprendiendo Sistemas Operativos,,No Aplica,ERWIN MEZA VEGA
00000000002157,True,Computacional,Guía para la priorización de riesgos en proyectos de TI,Colombia,2013,Restringido,UNIVERSIDAD DEL CAUCA,Guía para la priorización de riesgos en proyectos de TI,,UNIVERSIDAD DEL CAUCA,"DEISY JOANA ANDRADE, LUISA FERNANDA MOSQUERA, LUZ MARINA SIERRA MARTINEZ"
00000000002157,True,Computacional,Micromundo Nasa yuwe's piyaaka,Colombia,2013,Restringido,Unicauca - Colciencias,Micromundo Nasa yuwe's piyaaka,,Unicauca - Colciencias,"LUZ MARINA SIERRA MARTINEZ, EDINSON ALFONSO SOLARTE CAMAYO, JORGE ARMANDO VILLEGAS"
00000000002157,True,Computacional,Gestión de proyectos de desarrollo de software educativo para la comunidad nasa,Colombia,2013,Restringido,Unicauca - Colciencias,Gestión de proyectos de desarrollo de software educativo para la comunidad nasa,,Unicauca - Colciencias,"LUZ MARINA SIERRA MARTINEZ, TULIO ENRIQUE ROJAS CURIEUX, JORGE ARMANDO VILLEGAS, ERWIN MEZA VEGA, CARLOS ALBERTO COBOS LOZADA"
00000000005833,True,Computacional,SISTEMA DE VISIÓN DE NIVEL Y TAPA,Colombia,2019,Restringido,CORPORACIÓN UNIVERSITARIA COMFACAUCA - UNICOMFACAUCA,SISTEMA DE VISIÓN DE NIVEL Y TAPA,,CORPORACIÓN UNIVERSITARIA COMFACAUCA - UNICOMFACAUCA,"HELMER PAZ OROZCO, JULIO EDUARDO MEJIA MANZANO"
00000000012001,True,Multimedia,Namui Wam: Hablemos y juguemos,Colombia,2016,Restringido,FUNDACION UNIVERSITARIA DE POPAYAN,Namui Wam: hablemos y juguemos,,FUNDACION UNIVERSITARIA DE POPAYAN,FABIO NEBARDO GEMBUEL TUNUBALA
00000000005833,True,Computacional,MECAARM V0.1,Colombia,2019,Restringido,CORPORACIÓN UNIVERSITARIA COMFACAUCA - UNICOMFACAUCA,MECAARM V0.1,,CORPORACIÓN UNIVERSITARIA COMFACAUCA - UNICOMFACAUCA,"JULIO EDUARDO MEJIA MANZANO, DIEGO ANDRES CAMPO CEBALLOS"
00000000004806,True,Computacional,SOFTWARE CAUCAFE DE LA FINCA,Colombia,2015,Restringido,CORPORACIÓN UNIVERSITARIA COMFACAUCA - UNICOMFACAUCA,SOFTWARE CAUCAFE DE LA FINCA,,CORPORACIÓN UNIVERSITARIA COMFACAUCA - UNICOMFACAUCA,INGRID PAOLA SOLANO BENITEZ
00000000008516,True,Computacional,OPERACIONES CON CONJUNTOS,Colombia,2017,Restringido,Colegio Mayor Del Cauca - Institución Universitaria,,,Colegio Mayor Del Cauca - Institución Universitaria,"ALBERTO BRAVO BUCHELY, DAYNER ORDONEZ LOPEZ"
00000000007601,True,Computacional,GaMotion,Colombia,2020,No restringido,UNIVERSIDAD DEL CAUCA,GaMotion,,UNIVERSIDAD DEL CAUCA,"PAULA ANDREA MORA PEDREROS, MANUEL JOSE SANTIAGO PAJAJOYO, GUSTAVO EDUARDO CONSTAIN MORENO, ANDRES FABIAN ARIAS NORENA"
00000000007601,True,Multimedia,Plataforma Kplace Marketplace,Colombia,2019,Restringido,KCUMEN DIGITAL SAS.,Kplace Marketplace,,KCUMEN DIGITAL SAS.,ANDRES FABIAN ARIAS NORENA
00000000008516,True,Computacional,Objeto de Aprendizaje Factorización de polinomios,Colombia,2016,Restringido,Colegio Mayor Del Cauca - Institución Universitaria,,,Colegio Mayor Del Cauca - Institución Universitaria,"DAYNER ORDONEZ LOPEZ, ALBERTO BRAVO BUCHELY"
00000000008516,True,Computacional,OBJETO VIRTUAL DE APRENDIZAJE OPERACIONES CON POLINOMIOS,Colombia,2016,Restringido,No Aplica,,,No Aplica,DAYNER ORDONEZ LOPEZ
00000000005833,True,Computacional,FILTRO DE PARTÍCULAS PARA SEGUIMIENTO DE OBJETOS EN SECUENCIAS DE VIDEO EMPLEANDO HISTOGRAMAS HSV Y VELOCIDAD DE MOVIMIENTO,Colombia,2019,Restringido,No Aplica,ASFP V 1.0,,No Aplica,DIEGO ANTONIO LEGARDA CORDOBA
00000000008516,True,Computacional,Objeto Virtual de Aprendizaje Ecuaciones e Inecuaciones,Colombia,2016,Restringido,Colegio Mayor Del Cauca - Institución Universitaria,,,Colegio Mayor Del Cauca - Institución Universitaria,"DAYNER ORDONEZ LOPEZ, ALBERTO BRAVO BUCHELY"
00000000008516,True,Computacional,Objeto Virtual de Aprendizaje Ecuaciones e Inecuaciones,Colombia,2016,Restringido,INSTITUCION UNUVERSITARIA COLEGIO MAYOR DEL CAUCA,,,INSTITUCION UNUVERSITARIA COLEGIO MAYOR DEL CAUCA,ALBERTO BRAVO BUCHELY
00000000008516,True,Computacional,Herramienta para la clasificación de contenido musical,Colombia,2016,Restringido,Colegio Mayor Del Cauca - Institución Universitaria,,,Colegio Mayor Del Cauca - Institución Universitaria,"DAYNER ORDONEZ LOPEZ, ALBERTO BRAVO BUCHELY, GABRIEL ELIAS CHANCHI GOLONDRINO, FRANCO ARTURO URBANO ORDONEZ, WILMAR YESID CAMPO MUNOZ"
00000000004806,True,Computacional,SISTEMA DE INFORMACIÓN PARA EL ACUEDUCTO DE SAN ROQUE,Colombia,2014,Restringido,CORPORACIÓN UNIVERSITARIA COMFACAUCA - UNICOMFACAUCA,,,CORPORACIÓN UNIVERSITARIA COMFACAUCA - UNICOMFACAUCA,INGRID PAOLA SOLANO BENITEZ
00000000004806,True,Computacional,GESTIÓN DOCUMENTAL DE ARCHIVOS,Colombia,2014,Restringido,CORPORACIÓN UNIVERSITARIA COMFACAUCA - UNICOMFACAUCA,,,CORPORACIÓN UNIVERSITARIA COMFACAUCA - UNICOMFACAUCA,"INGRID PAOLA SOLANO BENITEZ, ANYELA MARCELA RIVERA MERA"
00000000004806,True,Computacional,MODULO PQRS,Colombia,2014,Restringido,CORPORACIÓN UNIVERSITARIA COMFACAUCA - UNICOMFACAUCA,,,CORPORACIÓN UNIVERSITARIA COMFACAUCA - UNICOMFACAUCA,INGRID PAOLA SOLANO BENITEZ
00000000004806,True,Computacional,MODULO BIENESTAR SNIES,Colombia,2014,Restringido,CORPORACIÓN UNIVERSITARIA COMFACAUCA - UNICOMFACAUCA,,,CORPORACIÓN UNIVERSITARIA COMFACAUCA - UNICOMFACAUCA,INGRID PAOLA SOLANO BENITEZ
00000000008516,True,Computacional,Conversion Base N,Colombia,2016,Restringido,Colegio Mayor Del Cauca - Institución Universitaria,,,Colegio Mayor Del Cauca - Institución Universitaria,"DAYNER ORDONEZ LOPEZ, ALBERTO BRAVO BUCHELY"
00000000004806,True,Computacional,MODULO CONSULTORIA,Colombia,2015,Restringido,CORPORACIÓN UNIVERSITARIA COMFACAUCA - UNICOMFACAUCA,,,CORPORACIÓN UNIVERSITARIA COMFACAUCA - UNICOMFACAUCA,INGRID PAOLA SOLANO BENITEZ
00000000015254,True,Computacional,SISTEMA DE CONTROL DE POSICIÓN PARA PROTOTIPO DE PRONO-SUPINACIÓN EN PACIENTES CON PROBLEMAS DE MIEMBRO SUPERIOR,Colombia,2020,No restringido,CORPORACIÓN UNIVERSITARIA COMFACAUCA - UNICOMFACAUCA,SISTEMA DE CONTROL DE POSICIÓN PARA PROTOTIPO DE PRONO-SUPINACIÓN EN PACIENTES CON PROBLEMAS DE MIEMBRO SUPERIOR,,CORPORACIÓN UNIVERSITARIA COMFACAUCA - UNICOMFACAUCA,"JULIO EDUARDO MEJIA MANZANO, LAURA DANIELA ORDIEREZ ZUNIGA"
00000000004806,True,Computacional,MODULO PAZ Y SALVO,Colombia,2015,Restringido,CORPORACIÓN UNIVERSITARIA COMFACAUCA - UNICOMFACAUCA,,,CORPORACIÓN UNIVERSITARIA COMFACAUCA - UNICOMFACAUCA,INGRID PAOLA SOLANO BENITEZ
00000000004806,True,Computacional,MODULO PROYECTOS DE INVESTIGACIÓN,Colombia,2015,Restringido,CORPORACIÓN UNIVERSITARIA COMFACAUCA - UNICOMFACAUCA,,,CORPORACIÓN UNIVERSITARIA COMFACAUCA - UNICOMFACAUCA,INGRID PAOLA SOLANO BENITEZ
00000000004806,True,Computacional,SISTEMA DE INFORMACIÓN ACUEDUCTO SAN ROQUE V2,Colombia,2015,Restringido,CORPORACIÓN UNIVERSITARIA COMFACAUCA - UNICOMFACAUCA,,,CORPORACIÓN UNIVERSITARIA COMFACAUCA - UNICOMFACAUCA,INGRID PAOLA SOLANO BENITEZ
00000000004806,True,Computacional,Juego Binarios V1.0,Colombia,2018,Restringido,CORPORACIÓN UNIVERSITARIA COMFACAUCA - UNICOMFACAUCA,Juego Binarios V1.0,,CORPORACIÓN UNIVERSITARIA COMFACAUCA - UNICOMFACAUCA,"GABRIEL ELIAS CHANCHI GOLONDRINO, CLARA LUCIA BURBANO GONZALEZ, JULIO RICARDO MARTINEZ MONTEZUMA"
00000000004806,True,Computacional,NumbersV1.0,Colombia,2019,Restringido,CORPORACIÓN UNIVERSITARIA COMFACAUCA - UNICOMFACAUCA,NumbersV1.0,,CORPORACIÓN UNIVERSITARIA COMFACAUCA - UNICOMFACAUCA,"CLARA LUCIA BURBANO GONZALEZ, GABRIEL ELIAS CHANCHI GOLONDRINO, JULIO RICARDO MARTINEZ MONTEZUMA, GUSTAVO EDUARDO CONSTAIN MORENO"
00000000004806,True,Computacional,Framework para la creación de dataset de programación genética relacionado con coberturas vegetales utilizando imágenes satelitales,Colombia,2019,Restringido,CORPORACIÓN UNIVERSITARIA COMFACAUCA - UNICOMFACAUCA,FPGIS-19,,CORPORACIÓN UNIVERSITARIA COMFACAUCA - UNICOMFACAUCA,JULIAN FERNANDO MUNOZ ORDONEZ
00000000008516,True,Multimedia,Objeto de Aprendizaje para la enseñanza del Calculo I,Colombia,2011,Restringido,No Aplica,Objeto de Aprendizaje para el estudio del Calculo I,Institucion Universitaria Colegio Mayor del Cauca,No Aplica,DAYNER ORDONEZ LOPEZ
00000000011727,True,Computacional,software kite kiwe versión 2.0,Colombia,2019,Restringido,FUNDACION UNIVERSITARIA DE POPAYAN,software Kite Kiwe,,FUNDACION UNIVERSITARIA DE POPAYAN,"KELLY GIOVANNA MUNOZ BALCAZAR, YULI SIDNEY GARCES BOLANOS"
00000000011727,True,Computacional,Softaware de lengua Kitek Kiwe,Colombia,2016,Restringido,FUNDACION UNIVERSITARIA DE POPAYAN,Software de lengua Kitek Kiwe,,FUNDACION UNIVERSITARIA DE POPAYAN,"KELLY GIOVANNA MUNOZ BALCAZAR, YULI SIDNEY GARCES BOLANOS, JOSE ARMANDO ORDONEZ CORDOBA"
00000000008516,True,Multimedia,Claustro de la Encarnación Primer Sitio Para la Educación de la Mujer en Colombia,Colombia,2013,Restringido,Colegio Mayor Del Cauca - Institución Universitaria,Claustro de la Encarnación Primer Sitio Para la Educación de la Mujer en Colombia,Claustro de la Encarnación Primer Sitio Para la Educación de la Mujer en Colombia,Colegio Mayor Del Cauca - Institución Universitaria,DAYNER ORDONEZ LOPEZ
00000000002936,True,Computacional,SOFTWARE EDUCATIVO Y PROGRAMA INTERACTIVO PARA EL DESARROLLO DEL LENGUAJE EN EL NIVEL SEMANTICO.,Colombia,2014,Restringido,UNIVERSIDAD DEL CAUCA,SOFTWARE EDUCATIVO Y PROGRAMA INTERACTIVO PARA EL DESARROLLO DEL LENGUAJE EN EL NIVEL SEMANTICO.,,UNIVERSIDAD DEL CAUCA,"ISABEL MUNOZ ZAMBRANO, MIRIAM IVONNE CAMPO SARZOSA"
00000000008516,True,Computacional,Sistema de Información para la Gestión Administrativa y de Inventario para la Chatarreria la 12,Colombia,2011,Restringido,Colegio Mayor Del Cauca - Institución Universitaria,Sistema de Información Chatarreria,Sistema de Información para la Gestión Administrativa y de Inventario para la Chatarreria la 12,Colegio Mayor Del Cauca - Institución Universitaria,ALBERTO BRAVO BUCHELY
00000000008516,True,Computacional,Objeto de Aprendizaje Operaciones con Polinomios,Colombia,2016,Restringido,Colegio Mayor Del Cauca - Institución Universitaria,,,Colegio Mayor Del Cauca - Institución Universitaria,"ALBERTO BRAVO BUCHELY, DAYNER ORDONEZ LOPEZ"
00000000008516,True,Computacional,Sistema de Registros para Situaciones que afectan los Derechos Humanos en Comunidades Indígenas del Departamento del Cauca,Colombia,2007,Restringido,Consejo Regional Indigena Del Cauca CRIC,No Aplica,CONSEJO REGIONAL INDIGENA DEL CAUCA -CRIC,Consejo Regional Indigena Del Cauca CRIC,DAYNER ORDONEZ LOPEZ
00000000005833,True,Computacional,DIAGNÓSTICO DE PATOLOGÍAS DEL PIE POR MEDIO DEL PROCESAMIENTO DE IMÁGENES,Colombia,2020,Restringido,CORPORACIÓN UNIVERSITARIA COMFACAUCA - UNICOMFACAUCA,PODOSCONET,,CORPORACIÓN UNIVERSITARIA COMFACAUCA - UNICOMFACAUCA,"DIEGO ANDRES CAMPO CEBALLOS, ANGELA MARIA MUNOZ MOLANO"
00000000005833,True,Computacional,SISTEMA DE CONTROL DE POSICIÓN PARA PROTOTIPO DE PRONO-SUPINACIÓN EN PACIENTES CON PROBLEMAS DE MIEMBRO SUPERIOR,Colombia,2020,Restringido,CORPORACIÓN UNIVERSITARIA COMFACAUCA - UNICOMFACAUCA,SISTEMA DE CONTROL DE POSICIÓN PARA PROTOTIPO DE PRONO-SUPINACIÓN EN PACIENTES CON PROBLEMAS DE MIEMBRO SUPERIOR,,CORPORACIÓN UNIVERSITARIA COMFACAUCA - UNICOMFACAUCA,"JULIO EDUARDO MEJIA MANZANO, SAUL EDUARDO RUIZ SARZOSA, VICTORIA EUGENIA PATINO ARENAS, LAURA DANIELA ORDIEREZ ZUNIGA"
00000000005833,True,Computacional,DESARROLLO DE UNA APLICACIÓN MÓVIL PARA CONTROL DEL PROTOTIPO PARA REHABILITACIÓN DE TOBILLO,Colombia,2020,Restringido,CORPORACIÓN UNIVERSITARIA COMFACAUCA - UNICOMFACAUCA,APLICACIÓN MÓVIL PARA CONTROL DEL PROTOTIPO PARA REHABILITACIÓN DE TOBILLO,,CORPORACIÓN UNIVERSITARIA COMFACAUCA - UNICOMFACAUCA,"SAUL EDUARDO RUIZ SARZOSA, DAVID ARMANDO REVELO LUNA, JULIO EDUARDO MEJIA MANZANO, VICTORIA EUGENIA PATINO ARENAS, DIANA JIMENA LOPEZ MESA, DANIEL MARTINEZ COLLAZOS"
00000000020815,True,Computacional,Módulo de Captura de Información (MCI),Colombia,2017,Restringido,Sistema General de Regalías,,,Sistema General de Regalías,"OMAR ALEJANDRO SOTELO TORRES, CARLOS HERNAN SIERRA TORRES"
00000000006505,True,Computacional,Sistema de Información Académico y de Gestión - SIAG,Colombia,2011,Restringido,Colegio Mayor Del Cauca - Institución Universitaria,Sistema de Información Académico y de Gestión - SIAG,Institución Universitaria Colegio Mayor del Cauca,Colegio Mayor Del Cauca - Institución Universitaria,FREDY ALONSO VIDAL ALEGRIA
00000000008151,True,Computacional,Sistema de asistencia a la conducción (SAC) de vehículos automotores basado en procesamiento digital de imágenes y sensores complementarios,Colombia,2018,Restringido,UNIVERSIDAD DEL CAUCA,,,UNIVERSIDAD DEL CAUCA,JULIAN FERNANDO MUNOZ ORDONEZ
00000000020815,True,Computacional,Módulo de Análisis de la Situación en Salud Ambiental (MASSA),Colombia,2016,Restringido,Sistema General de Regalías,,,Sistema General de Regalías,"CARLOS HERNAN SIERRA TORRES, JOSE ARMANDO ORDONEZ CORDOBA, CLAUDIA PATRICIA ACOSTA ASTAIZA"
00000000010589,True,Computacional,Art -Risk 3.0,España,2019,No restringido,Universidad Pablo de Olavide de Sevilla,Art -Risk 3.0,,Universidad Pablo de Olavide de Sevilla,"MARIA ISABEL TURBAY VARONA, ANDRES JOSE PRIETO IBANEZ, PILAR ORTIZ CALDERON, DANIEL CAGIGAS MUNIZ, JUAN MANUEL MACIAS BERNAL, ROCIO ORTIZ CALDERON"
00000000002157,False,Computacional,Aula Virtual 2.0,Colombia,2005,Irrestricta,No Aplica,,,No Aplica,"ERWIN MEZA VEGA, MARTHA VITALIA CORREDOR MONTAGUT, JORGE HERNANDO RAMON SUAREZ"
00000000015901,False,Computacional,BiclApp,Colombia,2019,No restringido,CORPORACIÓN UNIVERSITARIA AUTÓNOMA DEL CAUCA,BiclApp,,CORPORACIÓN UNIVERSITARIA AUTÓNOMA DEL CAUCA,YULI SIDNEY GARCES BOLANOS
00000000015901,False,Computacional,EmotionApp,Colombia,2020,Restringido,CORPORACIÓN UNIVERSITARIA AUTÓNOMA DEL CAUCA,EmotionApp,,CORPORACIÓN UNIVERSITARIA AUTÓNOMA DEL CAUCA,YULI SIDNEY GARCES BOLANOS
00000000015901,False,Computacional,CLEANWORLD,Colombia,2020,Restringido,CORPORACIÓN UNIVERSITARIA AUTÓNOMA DEL CAUCA,Cleanworld,,CORPORACIÓN UNIVERSITARIA AUTÓNOMA DEL CAUCA,YULI SIDNEY GARCES BOLANOS
00000000002157,False,Multimedia,Dinámica de Sistemas Aplicada a la Educación básica Primaria - DINAMICO,Colombia,2006,No restringido,No Aplica,DINAMICO,,No Aplica,MIGUEL ANGEL NINO ZAMBRANO
00000000002157,False,Computacional,Identificacion de rostros con RNA,Colombia,2006,,No Aplica,,,No Aplica,EMBER UBEIMAR MARTINEZ FLOR
00000000002157,False,Computacional,Zipf Law,Colombia,2006,Restricta,"Ministerio de Ciencia, Tecnología e Innovación.",,,"Ministerio de Ciencia, Tecnología e Innovación.",EMBER UBEIMAR MARTINEZ FLOR
00000000008516,False,Computacional,Software para Administración de Información de la Especie Avicola de la Granja SENA con registros Técnicos y Productivos,Colombia,2011,Restringido,No Aplica,,SENA REGIONAL CAUCA,No Aplica,DAYNER ORDONEZ LOPEZ
00000000002157,False,Computacional,Repositorio de Objetos de Contenido,Colombia,2005,Irrestricta,No Aplica,,,No Aplica,ERWIN MEZA VEGA
00000000015901,False,Computacional,AppTende,Colombia,2019,No restringido,CORPORACIÓN UNIVERSITARIA AUTÓNOMA DEL CAUCA,AppTende,,CORPORACIÓN UNIVERSITARIA AUTÓNOMA DEL CAUCA,YULI SIDNEY GARCES BOLANOS
00000000007847,False,Computacional,HERRAMIENTA ACADÉMICA ALFA DE CRONBACH V1.0,Colombia,2018,Restringido,Colegio Mayor Del Cauca - Institución Universitaria,HERRAMIENTA ACADÉMICA ALFA DE CRONBACH V1.0,,Colegio Mayor Del Cauca - Institución Universitaria,"GABRIEL ELIAS CHANCHI GOLONDRINO, YENNY MAGALY CASTRILLON BOLANOS"
00000000002157,False,Computacional,Netgociemos,Colombia,2004,Restringido,No Aplica,Netgociemos,,No Aplica,"LUZ MARINA SIERRA MARTINEZ, JORGE JAIR MORENO, MARTHA ELIANA MENDOZA B, ROBERTO CARLOS NARANJO, WILSON ORTEGA"
00000000002157,False,Computacional,ReTAS,Colombia,2004,Irrestricta,"Ministerio de Ciencia, Tecnología e Innovación.",,,"Ministerio de Ciencia, Tecnología e Innovación.",EMBER UBEIMAR MARTINEZ FLOR
00000000008516,False,Otra,"Objeto de Aprendizaje-OA, para gestionar reglas del negocio a nivel de la base de datos, utilizando procedimientos almacenados en PostgreSQL",Colombia,2011,Restringido,Colegio Mayor Del Cauca - Institución Universitaria,"Objeto de Aprendizaje-OA, para gestionar reglas del negocio a nivel de la base de datos, utilizando procedimientos almacenados con postgress",Institución Universitaria Colegio Mayor del Cauca,Colegio Mayor Del Cauca - Institución Universitaria,FREDY ALONSO VIDAL ALEGRIA
00000000002157,False,Computacional,Sistema de Gestión de Afiliados en Salud SADSALUD,Colombia,2003,Restricta,No Aplica,,,No Aplica,JULIO ARIEL HURTADO ALEGRIA
00000000007847,False,Computacional,APLICATIVO PARA LA INSPECCIÓN DE USABILIDAD WEB,Colombia,2019,Restringido,Colegio Mayor Del Cauca - Institución Universitaria,APLICATIVO PARA LA INSPECCIÓN DE USABILIDAD WEB,,Colegio Mayor Del Cauca - Institución Universitaria,"GABRIEL ELIAS CHANCHI GOLONDRINO, YENNY MAGALY CASTRILLON BOLANOS"
00000000002157,False,Computacional,Planet TB,Colombia,2009,No restringido,No Aplica,PlanetTB,,No Aplica,MIGUEL ANGEL NINO ZAMBRANO
00000000002157,False,Computacional,HERRAMIENTA SOFTWARE DE SOPORTE A TOMA DE DECISIONES PARA SELECCIONAR ESTRATEGIAS PUBLICITARIAS DE COMERCIO ELECTRÓNICO B2C,Colombia,2008,Restringido,UNIVERSIDAD DEL CAUCA,HERRAMIENTA SOFTWARE DE SOPORTE A TOMA DE DECISIONES PARA SELECCIONAR ESTRATEGIAS PUBLICITARIAS DE COMERCIO ELECTRÓNICO B2C,13-19-351,UNIVERSIDAD DEL CAUCA,"ROBERTO CARLOS NARANJO CUERVO, ROBINSON MONTENEGRO"
00000000002157,False,Computacional,"SISTEMA DE GESTIÓN UNIFICADA DE AMENAZA (UTM), BASADA EN UN SBC",Colombia,2019,Restringido,UNIVERSIDAD DEL CAUCA,"SISTEMA DE GESTIÓN UNIFICADA DE AMENAZA (UTM), BASADA EN UN SBC.",,UNIVERSIDAD DEL CAUCA,"SILER AMADOR DONADO, KATERINE MARCELES VILLALBA, MICHELLE DAYANA ROMERO LOPEZ, ALEXANDER MAMPOTES PIPI"
00000000005361,False,Computacional,SGRAFO - SIMULACIÓN DE SISTEMAS FOTÓNICOS GRADATIVOS,Colombia,2021,Restringido,UNIVERSIDAD AUTONOMA DE OCCIDENTE,,,UNIVERSIDAD AUTONOMA DE OCCIDENTE,"ROBERT SANCHEZ CANO, DANNY MANUEL CALVO VELASCO"
00000000003792,False,Computacional,Sistema de información Hospitalario,Colombia,2001,Restricta,No Aplica,,,No Aplica,WILSON LIBARDO PANTOJA YEPEZ
00000000008516,False,Computacional,El desarrollo del sistema Sistematización de los Procesos de Administrativos en el Área de Producción Agroalimentaria,Colombia,2011,Restringido,Colegio Mayor de Cauca (Popayán),,SENA REGIONAL CAUCA,Colegio Mayor de Cauca (Popayán),ALBERTO BRAVO BUCHELY
00000000003792,False,Computacional,Sistema de Gestión de Afiliados en Salud SADSALUD,Colombia,2003,Restricta,No Aplica,,,No Aplica,JULIO ARIEL HURTADO ALEGRIA
00000000003792,False,Computacional,Sistema de Gestión de Recursos Audiovisuales,Colombia,2003,Restricta,No Aplica,,,No Aplica,JULIO ARIEL HURTADO ALEGRIA
00000000003792,False,Computacional,Sistema de Gestión documental basado en ISO,Colombia,2004,Restricta,Gamma Ingenieros,,,Gamma Ingenieros,"JULIO ARIEL HURTADO ALEGRIA, RODRIGO PENA, CAROLINA MASSO"
00000000003792,False,Computacional,ORGEST,Colombia,2004,Restringido,TOTEMS LIMITADA,,,TOTEMS LIMITADA,"ALBERTO DE JESUS GONZALEZ RAMIREZ, CAROL ZULEIMA JOAQUI TRUJILLO, CECILIA VELASCO VIVAS, GABRIEL VASQUEZ"
00000000002157,False,Computacional,PENTESTER AUTOMATIZADO OWASP 2017 SOBRE UN SINGLE BOARD COMPUTER,Colombia,2019,No restringido,UNIVERSIDAD DEL CAUCA,PENTESTER AUTOMATIZADO OWASP 2017 SOBRE UN SINGLE BOARD COMPUTER,,UNIVERSIDAD DEL CAUCA,"SILER AMADOR DONADO, KATERINE MARCELES VILLALBA, DIANA MARCELA MONTANO HURTADO, GERALDIN VERGARA FAJARDO"
00000000003792,False,Computacional,PLATAFORMA DE EVALUACIÓN DOCENTE - UNIVERSIDAD DE CALDAS,Colombia,2017,Restringido,UNIVERSIDAD DE CALDAS,,,UNIVERSIDAD DE CALDAS,"JEFERSON ARANGO LOPEZ, LUIS FERNANDO CASTILLO OSSA, JAIRO IVAN VELEZ BEDOYA"
00000000002157,False,Computacional,Semantic Search on Internet of Things,Colombia,2014,No restringido,UNIVERSIDAD DEL CAUCA,Buscador Semántico en Internet de las Cosas,,UNIVERSIDAD DEL CAUCA,"MIGUEL ANGEL NINO ZAMBRANO, JESUS ALBERTO NINO ZAMBRANO, GUSTAVO ADOLFO RAMIREZ GONZALEZ"
00000000002157,False,Computacional,MEI PARA EL APRENDIZAJE DE LOS SISTEMAS OPERATIVOS,Colombia,2000,Restricta,No Aplica,,,No Aplica,"LUZ MARINA SIERRA MARTINEZ, YAMILE OSMA SANDOVAL"
00000000003792,False,Computacional,Plataforma Virtual BEKDAU,Colombia,2018,Restringido,UNIVERSIDAD DE CALDAS,Plataforma Virtual BEKDAU,,UNIVERSIDAD DE CALDAS,"JEFERSON ARANGO LOPEZ, LUIS FERNANDO CASTILLO OSSA"
00000000003792,False,Computacional,PLATAFORMA DE CONSULTA ELECTRÓNICA UNIVERSIDAD DE CALDAS,Colombia,2018,Restringido,UNIVERSIDAD DE CALDAS,PLATAFORMA DE CONSULTA ELECTRÓNICA UNIVERSIDAD DE CALDAS,,UNIVERSIDAD DE CALDAS,JEFERSON ARANGO LOPEZ
00000000005500,False,Multimedia,SEÑALAMIENTOS sobre el Museo Iberoamericano de Arte Moderno de Popayán,Colombia,2008,,No Aplica,,,No Aplica,"ORLANDO MARTINEZ VESGA, RICARDO AMAYA GAITAN, LUIS EDUARDO CRUZ MONDRAGON, JIM FANNKUGEN, GUILLERMO MARIN"
00000000002145,False,Computacional,Software RHABSIM 3.0 en Español para la Modelación Ecohidráulica,Estados Unidos,2004,Restricta,No Aplica,,,No Aplica,"JUAN MANUEL DIEZ HERNANDEZ, THOMAS R PAYNE"
00000000010553,False,Computacional,Herramienta Software para la Evaluación Financiera de Proyectos V1.9,Colombia,2017,No restringido,Institución Universitaria Colegio Mayor del Cauca,Herramienta Software para la Evaluación Financiera de Proyectos V1.9,,Institución Universitaria Colegio Mayor del Cauca,"DAYNER ORDONEZ LOPEZ, CARLOS HERNAN ANDRADE FALLA"
00000000002157,False,Computacional,Sistema de Evaluación de Productividad Docente de la Universidad del Cauca,Colombia,2011,Restringido,No Aplica,Sistema de Reconocimiento de Productividad Docente,,No Aplica,MIGUEL ANGEL NINO ZAMBRANO
00000000002157,False,Computacional,Buscardo Semantico en el domino de las Plantas WebSearch,Colombia,2010,No restringido,No Aplica,Semantic WebSearch Plants,,No Aplica,MIGUEL ANGEL NINO ZAMBRANO
00000000008516,False,Computacional,PORTAL WEB PARA EL COMITE DEPARTAMENTAL DE CONSUMO Y PREVENCION SPA.,Colombia,2006,Restringido,Colegio Mayor Del Cauca - Institución Universitaria,Portal WEB CONSUMO Y PREVENCIÓN,Dirección Departamental de Salud del Cauca,Colegio Mayor Del Cauca - Institución Universitaria,DAYNER ORDONEZ LOPEZ
00000000015142,False,Computacional,Aplicación móvil para el desarrollo de pausas activas,Colombia,2016,Restringido,SERVICIO NACIONAL DE APRENDIZAJE SENA,,,SERVICIO NACIONAL DE APRENDIZAJE SENA,"FABIAN ANDRES MUNOZ ALEGRIA, JOSE CORTES CARVAJAL"
00000000015142,False,Computacional,Software dinamizador en el desarrollo de pausas activas,Colombia,2016,Restringido,Centro Agropecuario Sena,BREAK,,Centro Agropecuario Sena,JOSE CORTES CARVAJAL
00000000004806,False,Computacional,SISTEMA PARA LA DETECCIÓN DE CAÍDAS DE PACIENTES EN AMBIENTES HOSPITALARIOS,Colombia,2021,Restringido,CORPORACIÓN UNIVERSITARIA COMFACAUCA - UNICOMFACAUCA,FALLDETECTIONAPP,,CORPORACIÓN UNIVERSITARIA COMFACAUCA - UNICOMFACAUCA,JULIAN FERNANDO MUNOZ ORDONEZ
00000000002174,False,Computacional,NFC Interactive Panel,Colombia,2009,No restringido,UNIVERSIDAD CARLOS III DE MADRID,NFC Player,Gradient Lab - Universidad Carlos III de Madrid,UNIVERSIDAD CARLOS III DE MADRID,"GUSTAVO ADOLFO RAMIREZ GONZALEZ, CARLOS DELGADO KLOOS, MARIO MUNOZ ORGANERO, ANGELA ROCIO CHANTRE ASTAIZA"
00000000006505,False,Computacional,Monitor portable para detección de afecciones cardíacas y el estrés mental,Colombia,2018,Restringido,Colegio Mayor Del Cauca - Institución Universitaria,,,Colegio Mayor Del Cauca - Institución Universitaria,DARLY MILDRED DELGADO AGUDELO
00000000006505,False,Computacional,SISTEMA DE EVALUACIÓN DOCENTE,Colombia,2009,Restringido,Colegio Mayor Del Cauca - Institución Universitaria,SILCAD,la Institución Universitaria Colegio Mayor Del Cauca,Colegio Mayor Del Cauca - Institución Universitaria,PEDRO HARVEY ALVAREZ SANCHEZ
00000000006505,False,Computacional,HERRAMIENTA WEB DE MONITOREO DE CPU Y MEMORIA RAM PARA PROCESOS DEL SISTEMA OPERATIVO,Colombia,2015,Restringido,Colegio Mayor Del Cauca - Institución Universitaria,HERRAMIENTA WEB DE MONITOREO DE CPU Y MEMORIA RAM PARA PROCESOS DEL SISTEMA OPERATIVO,,Colegio Mayor Del Cauca - Institución Universitaria,"GABRIEL ELIAS CHANCHI GOLONDRINO, WILMAR YESID CAMPO MUNOZ, MARTA CECILIA CAMACHO OJEDA"
00000000006505,False,Computacional,HERRAMIENTA DE CODIFICACIÓN DE CONTENIDOS MULTIMEDIA EDUCATIVOS FENODA CONVERTER,Colombia,2015,Restringido,Colegio Mayor Del Cauca - Institución Universitaria,HERRAMIENTA DE CODIFICACIÓN DE CONTENIDOS MULTIMEDIA EDUCATIVOS FENODA CONVERTER,,Colegio Mayor Del Cauca - Institución Universitaria,"GABRIEL ELIAS CHANCHI GOLONDRINO, WILMAR YESID CAMPO MUNOZ, FRANCO ARTURO URBANO ORDONEZ, MARTA CECILIA CAMACHO OJEDA"
00000000006505,False,Computacional,HERRAMIENTA WEB DE MEDICIÓN DE ESTRÉS,Colombia,2015,Restringido,UNIVERSIDAD DEL CAUCA,Herramienta web de medición de estrés,,UNIVERSIDAD DEL CAUCA,"GABRIEL ELIAS CHANCHI GOLONDRINO, WILMAR YESID CAMPO MUNOZ, JOSE LUIS ARCINIEGAS HERRERA"
00000000006505,False,Computacional,"Dataset de contenidos musicales latinos, basado en el análisis lingüístico de las letras de las canciones",Colombia,2018,Restringido,Colegio Mayor Del Cauca - Institución Universitaria,"Dataset de contenidos musicales latinos, basado en el análisis lingüístico de las letras de las canciones",,Colegio Mayor Del Cauca - Institución Universitaria,GABRIEL ELIAS CHANCHI GOLONDRINO
00000000006505,False,Computacional,"Herramienta para la estimación de la satisfacción en pruebas de usabilidad, a partir de la expresión facial",Colombia,2018,Restringido,Colegio Mayor Del Cauca - Institución Universitaria,,,Colegio Mayor Del Cauca - Institución Universitaria,GABRIEL ELIAS CHANCHI GOLONDRINO
00000000006505,False,Computacional,Herramienta para la evaluación de la satisfacción en pruebas de usabilidad bajo el enfoque de pensamiento en voz alta - WDEV,Colombia,2018,Restringido,Colegio Mayor Del Cauca - Institución Universitaria,Herramienta para la evaluación de la satisfacción en pruebas de usabilidad bajo el enfoque de pensamiento en voz alta - WDEV,,Colegio Mayor Del Cauca - Institución Universitaria,GABRIEL ELIAS CHANCHI GOLONDRINO
00000000006505,False,Computacional,JUEGO COFFEE FUN,Colombia,2018,Restringido,Colegio Mayor Del Cauca - Institución Universitaria,JUEGO COFFEE FUN,,Colegio Mayor Del Cauca - Institución Universitaria,"KATERINE MARCELES VILLALBA, GABRIEL ELIAS CHANCHI GOLONDRINO, ANDRES FELIPE MERA TROCHEZ, MANUEL ESTEBAN JARAMILLO REINEL"
00000000002174,False,Computacional,"Aplicativo para el registro y despliegue del inventario de recursos turísticos del deparamento del Cauca según la metodología del Ministerio de Industria, Comercio y Turismo",Colombia,2007,Restringido,UNIVERSIDAD DEL CAUCA,Inventario de productos turísticos del departamento del Cauca,,UNIVERSIDAD DEL CAUCA,ANDRES JOSE CASTRILLON MUNOZ
00000000006505,False,Computacional,Juego Binarios V1.0,,2018,Restringido,No Aplica,Juego Binarios V1.0,,No Aplica,GABRIEL ELIAS CHANCHI GOLONDRINO
00000000006505,False,Computacional,HERRAMIENTA ACADÉMICA ALFA DE CRONBACH V1.0,Colombia,2018,Restringido,Colegio Mayor Del Cauca - Institución Universitaria,HERRAMIENTA ACADÉMICA ALFA DE CRONBACH V1.0,,Colegio Mayor Del Cauca - Institución Universitaria,GABRIEL ELIAS CHANCHI GOLONDRINO
00000000006505,False,Computacional,GAMEZIN,Colombia,2018,Restringido,Colegio Mayor Del Cauca - Institución Universitaria,GAMEZIN,,Colegio Mayor Del Cauca - Institución Universitaria,"KATERINE MARCELES VILLALBA, FABRICIO ESPINOZA GELIZ, GABRIEL ELIAS CHANCHI GOLONDRINO"
00000000006505,False,Computacional,JUEGO DE PALABRAS V1.0,Colombia,2018,Restringido,Colegio Mayor Del Cauca - Institución Universitaria,,,Colegio Mayor Del Cauca - Institución Universitaria,GABRIEL ELIAS CHANCHI GOLONDRINO
00000000006505,False,Computacional,ACCESIBILIDADWEB2.0,,2019,Restringido,Colegio Mayor Del Cauca - Institución Universitaria,AccesibilidadWeb2.0,,Colegio Mayor Del Cauca - Institución Universitaria,GABRIEL ELIAS CHANCHI GOLONDRINO
00000000006505,False,Computacional,"SISTEMA DE GESTIÓN UNIFICADA DE AMENAZA (UTM), BASADA EN UN SBC",Colombia,2019,No restringido,Colegio Mayor Del Cauca - Institución Universitaria,"SISTEMA DE GESTIÓN UNIFICADA DE AMENAZA (UTM), BASADA EN UN SBC.",,Colegio Mayor Del Cauca - Institución Universitaria,"KATERINE MARCELES VILLALBA, SILER AMADOR DONADO, MICHELLE DAYANA ROMERO LOPEZ, ALEXANDER MAMPOTES PIPI"
00000000006505,False,Computacional,APLICACIÓN MÓVIL HEROTEST,Colombia,2019,Restringido,Colegio Mayor Del Cauca - Institución Universitaria,APLICACIÓN MÓVIL HEROTEST,,Colegio Mayor Del Cauca - Institución Universitaria,"KATERINE MARCELES VILLALBA, GABRIEL ELIAS CHANCHI GOLONDRINO, ASTRID ADRIANA ANACONA JIMENEZ"
00000000006505,False,Computacional,Sistema de reserva de Recursos Audiovisuales,Colombia,2008,Restringido,Colegio Mayor Del Cauca - Institución Universitaria,,Colegio mayor del Cauca,Colegio Mayor Del Cauca - Institución Universitaria,JOSE LUIS JURADO MUNOZ
00000000006505,False,Computacional,Software Estadístico para el Proyecto de Acompañamiento Jurídico y Familiar a Reclusos Indígenas en el Sistema Penitenciario y Carcelario,Colombia,2007,Restringido,ASOCIACION DE CABILDOS INDIGENAS DEL NORTE DEL CAUCA - ACIN,Software estadístico - ACIN - IUCMC,Movimiento de paz holandés IKV Pax Christi,ASOCIACION DE CABILDOS INDIGENAS DEL NORTE DEL CAUCA - ACIN,FREDY ALONSO VIDAL ALEGRIA
00000000007601,False,Computacional,Sistema mooc catedra de paz,Colombia,2020,No restringido,UNIVERSIDAD DEL CAUCA,MOOC CÁTEDRA DE PAZ,,UNIVERSIDAD DEL CAUCA,"PAULA ANDREA MORA PEDREROS, MANUEL JOSE SANTIAGO PAJAJOYO, ANDRES FABIAN ARIAS NORENA, GUSTAVO EDUARDO CONSTAIN MORENO"
00000000007601,False,Computacional,PLATAFORMA SOFTWARE OBSERVATORIO FILOSÓFICO VIRTUAL,Colombia,2020,Restringido,UNIVERSIDAD DEL CAUCA,OBSERVATORIO FILOSÓFICO VIRTUAL,,UNIVERSIDAD DEL CAUCA,"MANUEL JOSE SANTIAGO PAJAJOYO, PAULA ANDREA MORA PEDREROS, GUSTAVO EDUARDO CONSTAIN MORENO, ANDRES FABIAN ARIAS NORENA"
00000000002936,False,Computacional,APLICATIVO SOBRE DISPOSITIVOS MÓVILES COMO AUXILIAR FONOAUDIOLÓGICO PARA ANÁLISIS MULTIPARAMÉTRICO DE NORMALIDAD DE LA VOZ,Colombia,2018,Restringido,No Aplica,VOCALISIS,,No Aplica,"YOLANDA CARDENAS CAMAYO, CLAUDIA XIMENA CAMPO CANAR"
00000000002936,False,Computacional,APLICATIVO SOBRE DISPOSITIVOS MÓVILES COMO AUXILIAR FONOAUDIOLÓGICO PARA ANÁLISIS MULTIPARAMÉTRICO DE NORMALIDAD DE LA VOZ,Colombia,2018,Restringido,"Universidad Antonio Nariño, Popayán",Vocalisis,,"Universidad Antonio Nariño, Popayán","CLAUDIA XIMENA CAMPO CANAR, YOLANDA CARDENAS CAMAYO"
00000000016909,False,Computacional,GaMotion,Colombia,2019,Restringido,KCUMEN DIGITAL SAS.,GaMotion,,KCUMEN DIGITAL SAS.,"MANUEL JOSE SANTIAGO PAJAJOYO, PAULA ANDREA MORA PEDREROS, ANDRES FABIAN ARIAS NORENA, GUSTAVO EDUARDO CONSTAIN MORENO"
00000000016909,False,Computacional,PLATAFORMA SOFTWARE OBSERVATORIO FILOSÓFICO VIRTUAL,Colombia,2020,Restringido,UNIVERSIDAD DEL CAUCA,OBSERVATORIO FILOSÓFICO VIRTUAL,,UNIVERSIDAD DEL CAUCA,"PAULA ANDREA MORA PEDREROS, MANUEL JOSE SANTIAGO PAJAJOYO, ANDRES FABIAN ARIAS NORENA, GUSTAVO EDUARDO CONSTAIN MORENO"
00000000016909,False,Computacional,Sistema mooc catedra de paz,Colombia,2020,Restringido,UNIVERSIDAD DEL CAUCA,MOOC CATEDRA DE PAZ,,UNIVERSIDAD DEL CAUCA,"PAULA ANDREA MORA PEDREROS, MANUEL JOSE SANTIAGO PAJAJOYO, ANDRES FABIAN ARIAS NORENA, GUSTAVO EDUARDO CONSTAIN MORENO"
00000000015873,False,Computacional,EmotionApp,Colombia,2020,No restringido,CORPORACIÓN UNIVERSITARIA AUTÓNOMA DEL CAUCA,EmotionApp,,CORPORACIÓN UNIVERSITARIA AUTÓNOMA DEL CAUCA,"YULI SIDNEY GARCES BOLANOS, INGRID SELENE TORRES ROJAS"
00000000015873,False,Computacional,Sistema mooc catedra de paz,Colombia,2020,Restringido,CORPORACIÓN UNIVERSITARIA AUTÓNOMA DEL CAUCA,MOOC CÁTEDRA DE PAZ,,CORPORACIÓN UNIVERSITARIA AUTÓNOMA DEL CAUCA,WILLIAM DARIO CHARA ORDONEZ
00000000015873,False,Computacional,EMOCIONES APP,Colombia,2022,No restringido,CORPORACIÓN UNIVERSITARIA AUTÓNOMA DEL CAUCA,Conciencia App,,CORPORACIÓN UNIVERSITARIA AUTÓNOMA DEL CAUCA,INGRID SELENE TORRES ROJAS
00000000007601,False,Multimedia,Interactivo para el desarrollo de competencias para las pruebas de estado ICFES,Colombia,2007,Irrestricta,Fundación Sumakai,,,Fundación Sumakai,PAULA ANDREA MORA PEDREROS
00000000007601,False,Otra,Sistema de información web Mesa de ayuda-TAURUS,Colombia,2017,Restringido,KCUMEN DIGITAL SAS.,Mesa de ayuda-TAURUS,,KCUMEN DIGITAL SAS.,ANDRES FABIAN ARIAS NORENA
00000000007601,False,Computacional,Sistema de información socioeconómica del Cauca TANGARA,Colombia,2017,Restringido,KCUMEN DIGITAL SAS.,TANGARA,,KCUMEN DIGITAL SAS.,ANDRES FABIAN ARIAS NORENA
00000000007601,False,Multimedia,Plataforma CertiAGRO,Colombia,2018,Restringido,KCUMEN DIGITAL SAS.,CertiAGRO,,KCUMEN DIGITAL SAS.,"ANA MARIA MARIN MARTINEZ, ANDRES FABIAN ARIAS NORENA, CRISTIAN DAVID MUNOZ GUTIERREZ, RICARDO ANDRES ORDONEZ MARIN"
00000000007601,False,Computacional,GaMotion,Colombia,2019,Restringido,UNIVERSIDAD NACIONAL ABIERTA Y A DISTANCIA,GAMOTION,,UNIVERSIDAD NACIONAL ABIERTA Y A DISTANCIA,"GUSTAVO EDUARDO CONSTAIN MORENO, MANUEL JOSE SANTIAGO PAJAJOYO, PAULA ANDREA MORA PEDREROS, ANDRES FABIAN ARIAS NORENA"
00000000007601,False,Computacional,Sistema mooc catedra de paz,Colombia,2020,Restringido,UNIVERSIDAD NACIONAL ABIERTA Y A DISTANCIA,,,UNIVERSIDAD NACIONAL ABIERTA Y A DISTANCIA,"GUSTAVO EDUARDO CONSTAIN MORENO, MANUEL JOSE SANTIAGO PAJAJOYO, PAULA ANDREA MORA PEDREROS, ANDRES FABIAN ARIAS NORENA"
00000000007601,False,Computacional,PLATAFORMA SOFTWARE OBSERVATORIO FILOSÓFICO VIRTUAL,Colombia,2020,Restringido,UNIVERSIDAD NACIONAL ABIERTA Y A DISTANCIA,PLATAFORMA SOFTWARE OBSERVATORIO FILOSÓFICO VIRTUAL,,UNIVERSIDAD NACIONAL ABIERTA Y A DISTANCIA,"MANUEL JOSE SANTIAGO PAJAJOYO, GUSTAVO EDUARDO CONSTAIN MORENO, PAULA ANDREA MORA PEDREROS, ANDRES FABIAN ARIAS NORENA"
00000000006505,False,Computacional,"HERRAMIENTA PARA LA EJECUCIÓN DE PRUEBAS DE USABILIDAD BAJO EL ENFOQUE DE MOUSE TRACKING ""SEGUIMIENTOMOUSE""",Colombia,2019,Restringido,Colegio Mayor Del Cauca - Institución Universitaria,"HERRAMIENTA PARA LA EJECUCIÓN DE PRUEBAS DE USABILIDAD BAJO EL ENFOQUE DE MOUSE TRACKING ""SEGUIMIENTOMOUSE""",,Colegio Mayor Del Cauca - Institución Universitaria,GABRIEL ELIAS CHANCHI GOLONDRINO
00000000006505,False,Computacional,PENTESTER AUTOMATIZADO OWASP 2017 SOBRE UN SINGLE BOARD COMPUTER,Colombia,2019,Restringido,Colegio Mayor Del Cauca - Institución Universitaria,PENTESTER AUTOMATIZADO OWASP 2017 SOBRE UN SINGLE BOARD COMPUTER,,Colegio Mayor Del Cauca - Institución Universitaria,"KATERINE MARCELES VILLALBA, SILER AMADOR DONADO, GERALDIN VERGARA FAJARDO, DIANA MARCELA MONTANO HURTADO"
00000000006505,False,Computacional,REQUISITOSV1.0,Colombia,2019,Restringido,Colegio Mayor Del Cauca - Institución Universitaria,REQUISITOSV1.0,,Colegio Mayor Del Cauca - Institución Universitaria,"MARIA CLARA GOMEZ ALVAREZ, GABRIEL ELIAS CHANCHI GOLONDRINO"
00000000006505,False,Computacional,COMEDOR AUTOMÁTICO PARA PERROS Y GATOS K&P - COLITAS FELICES,Colombia,2022,Restringido,Colegio Mayor Del Cauca - Institución Universitaria,COMEDOR AUTOMÁTICO PARA PERROS Y GATOS K&P - COLITAS FELICES,,Colegio Mayor Del Cauca - Institución Universitaria,"KATERINE MARCELES VILLALBA, KAROL SILVANA GOMEZ BURBANO, ANGIE PAOLA NAVIA TINTINAGO"
00000000006505,False,Computacional,SPORT ACTIVITY,Colombia,2022,Restringido,Colegio Mayor Del Cauca - Institución Universitaria,SPORT ACTIVITY,,Colegio Mayor Del Cauca - Institución Universitaria,"KATERINE MARCELES VILLALBA, EDER JULIAN SERNA RIVERA, JHON EDINSON FANDINO SALINAS"
00000000006505,False,Computacional,AMTRUI TRAVEL,Colombia,2022,Restringido,Colegio Mayor Del Cauca - Institución Universitaria,AMTRUI TRAVEL,,Colegio Mayor Del Cauca - Institución Universitaria,"EDWIN JAVIER COLLAZOS, KATERINE MARCELES VILLALBA, CRISTIAN ALEJANDRO ROJAS TRIANA"
00000000006505,False,Computacional,SINSEÑAS,Colombia,2022,Restringido,Colegio Mayor Del Cauca - Institución Universitaria,SINSEÑAS,,Colegio Mayor Del Cauca - Institución Universitaria,"KATERINE MARCELES VILLALBA, CRISTIAN FABIAN BRAVO MOSQUERA, MANUEL FRANCISCO SILVA JOAQUI"
00000000006505,False,Computacional,EASY MATH APP,Colombia,2022,Restringido,Colegio Mayor Del Cauca - Institución Universitaria,EASY MATH APP,,Colegio Mayor Del Cauca - Institución Universitaria,"DIEGO ALEJANDRO DIAZ BONILLA, KATERINE MARCELES VILLALBA"
00000000006505,False,Computacional,AR POSITION U,Colombia,2022,Restringido,Colegio Mayor Del Cauca - Institución Universitaria,AR POSITION U,,Colegio Mayor Del Cauca - Institución Universitaria,"KATERINE MARCELES VILLALBA, ELKIN FABER ORTIZ MARTINEZ, DAVID ARMANDO BENAVIDES ZUNIGA"
00000000006505,False,Computacional,SINSEÑAS V.2.0,Colombia,2022,Restringido,Colegio Mayor Del Cauca - Institución Universitaria,SINSEÑAS V.2.0,,Colegio Mayor Del Cauca - Institución Universitaria,"KATERINE MARCELES VILLALBA, SILER AMADOR DONADO, ELKIN FABER ORTIZ MARTINEZ, CRISTIAN FABIAN BRAVO MOSQUERA"
00000000006505,False,Computacional,OARU,Colombia,2022,Restringido,Colegio Mayor Del Cauca - Institución Universitaria,APLICACIÓN DE REALIDAD AUMENTADA PARA LA UBICACIÓN DE ESPACIOS Y TIEMPOS,,Colegio Mayor Del Cauca - Institución Universitaria,"KATERINE MARCELES VILLALBA, SILER AMADOR DONADO, MARTA CECILIA CAMACHO OJEDA, ELKIN FABER ORTIZ MARTINEZ, DAVID ARMANDO BENAVIDES ZUNIGA"
00000000006505,False,Computacional,MASSIVE EVENTS,Colombia,2022,Restringido,Colegio Mayor Del Cauca - Institución Universitaria,MASSIVE EVENTS,,Colegio Mayor Del Cauca - Institución Universitaria,"KATERINE MARCELES VILLALBA, MARTA CECILIA CAMACHO OJEDA, SILER AMADOR DONADO, ELKIN FABER ORTIZ MARTINEZ, DAVID ARMANDO BENAVIDES ZUNIGA"
00000000006505,False,Computacional,MI CAFETAL,Colombia,2022,Restringido,Colegio Mayor Del Cauca - Institución Universitaria,No aplica,,Colegio Mayor Del Cauca - Institución Universitaria,"MARIA ALEJANDRA VARONA TABORDA, MARTA CECILIA CAMACHO OJEDA, DIEGO ALEJANDRO DIAZ BONILLA, DIEGO FELIPE MUNOZ MOSQUERA"
00000000006175,False,Computacional,SOFWARE MANEJO PISCICOLA,Colombia,2018,Restringido,CORPORACIÓN UNIVERSITARIA COMFACAUCA - UNICOMFACAUCA,,,CORPORACIÓN UNIVERSITARIA COMFACAUCA - UNICOMFACAUCA,"EVER GREGORIO MARTINEZ ROMERO, EDGAR MATALLANA SANCHEZ"
00000000006175,False,Computacional,MEDIMEC,Colombia,2018,Restringido,No Aplica,MEDIMEC,,No Aplica,NELSON EMILIO PAZ RUIZ
00000000006175,False,Computacional,SISTEMA DE MONITOREO REMOTO PARA CULTIVOS EN INVERNADERO,Colombia,2019,Restringido,CORPORACIÓN UNIVERSITARIA COMFACAUCA - UNICOMFACAUCA,,,CORPORACIÓN UNIVERSITARIA COMFACAUCA - UNICOMFACAUCA,"BIBIANA PATRICIA MONTOYA BONILLA, JULIO EDUARDO MEJIA MANZANO, DAVID ARMANDO REVELO LUNA"
00000000006175,False,Computacional,Sistema de informacion de procesamiento de imagenes y visualizacion de NDVI georreferenciado,Colombia,2019,Restringido,CORPORACIÓN UNIVERSITARIA COMFACAUCA - UNICOMFACAUCA,,,CORPORACIÓN UNIVERSITARIA COMFACAUCA - UNICOMFACAUCA,"BIBIANA PATRICIA MONTOYA BONILLA, FRANCISCO JAVIER OBANDO VIDAL, JULIO EDUARDO MEJIA MANZANO"
00000000006175,False,Computacional,Sistema de visión y nivel de tapa,Colombia,2019,Restringido,CORPORACIÓN UNIVERSITARIA COMFACAUCA - UNICOMFACAUCA,Sistema de visión y nivel de tapa,,CORPORACIÓN UNIVERSITARIA COMFACAUCA - UNICOMFACAUCA,HELMER PAZ OROZCO
00000000006175,False,Computacional,Sistema de Inventarios Móvil mediante RFID - SIMORFID,Colombia,2019,Restringido,No Aplica,,,No Aplica,JULIAN FELIPE LATORRE OCHOA
00000000006505,False,Computacional,SOCIAL PETS,Colombia,2022,Restringido,Colegio Mayor Del Cauca - Institución Universitaria,SOCIAL PETS,,Colegio Mayor Del Cauca - Institución Universitaria,"KATERINE MARCELES VILLALBA, JHON KENNEDY TUQUERRES MOSCOTE, DAMARIS MUNOZ ZUNIGA"
00000000006505,False,Computacional,BICIAPP,Colombia,2022,Restringido,Colegio Mayor Del Cauca - Institución Universitaria,BICIAPP,,Colegio Mayor Del Cauca - Institución Universitaria,"KATERINE MARCELES VILLALBA, LEANDRO ALBERTO BURBANO DAZA, JULIAN ANDRES MUNOZ PENA"
00000000006505,False,Computacional,HERRAMIENTA SOFTWARE PARA EVALUAR LA USABILIDAD DE PORTALES WEB DIRIGIDOS A LA POBLACIÓN INFANTIL,Colombia,2019,Restringido,Colegio Mayor Del Cauca - Institución Universitaria,HERRAMIENTA SOFTWARE PARA EVALUAR LA USABILIDAD DE PORTALES WEB DIRIGIDOS A LA POBLACIÓN INFANTIL,,Colegio Mayor Del Cauca - Institución Universitaria,GABRIEL ELIAS CHANCHI GOLONDRINO
00000000008516,False,Computacional,Objetos de Aprendizaje Para la Enseñanza de la Matemática,Colombia,2012,Restringido,Colegio Mayor Del Cauca - Institución Universitaria,,IMPACTO DE LAS TIC EN EL NIVEL DE DESERCION EN LA POBLACION ESTUDIANTIL DE PRIMER SEMESTRE DE LA FACULTAD DE INGENIERIA.,Colegio Mayor Del Cauca - Institución Universitaria,"ALBERTO BRAVO BUCHELY, DAYNER ORDONEZ LOPEZ, FREDY ALONSO VIDAL ALEGRIA"
00000000006505,False,Computacional,APLICATIVO PARA LA INSPECCIÓN DE USABILIDAD WEB,Colombia,2019,Restringido,Colegio Mayor Del Cauca - Institución Universitaria,APLICATIVO PARA LA INSPECCIÓN DE USABILIDAD WEB,,Colegio Mayor Del Cauca - Institución Universitaria,"GABRIEL ELIAS CHANCHI GOLONDRINO, YENNY MAGALY CASTRILLON BOLANOS, CLAUDIA MARGARITA CHANCHI GOLONDRINO"
00000000006505,False,Computacional,MANUAL DE USUARIO APLICACIÓN MÓVIL BEET-EAR,Colombia,2019,Restringido,Colegio Mayor Del Cauca - Institución Universitaria,MANUAL DE USUARIO APLICACIÓN MÓVIL BEET-EAR,,Colegio Mayor Del Cauca - Institución Universitaria,"KATERINE MARCELES VILLALBA, JUAN JOSE CAIZA NARVAEZ"
00000000006505,False,Computacional,SAFEPRO,Colombia,2020,Restringido,Colegio Mayor Del Cauca - Institución Universitaria,SAFEPRO,,Colegio Mayor Del Cauca - Institución Universitaria,"ANTONIO JOSE COQUE DELGADO, KATERINE MARCELES VILLALBA, HERBERTH ALBERTO AUSECHA URBANO"
00000000006505,False,Computacional,APLICACIÓN MÓVIL EAR,Colombia,2020,Restringido,Colegio Mayor Del Cauca - Institución Universitaria,APLICACIÓN MÓVIL EAR,,Colegio Mayor Del Cauca - Institución Universitaria,"JUAN JOSE CAIZA NARVAEZ, KATERINE MARCELES VILLALBA"
00000000006505,False,Computacional,GEAME-TROM,Colombia,2020,Restringido,Colegio Mayor Del Cauca - Institución Universitaria,GEAME-TROM,,Colegio Mayor Del Cauca - Institución Universitaria,"KATERINE MARCELES VILLALBA, LEONARDO CERON CRUZ, MARLON STIVEN GONZALEZ, GABRIEL ELIAS CHANCHI GOLONDRINO"
00000000006505,False,Computacional,My Tomato Crop,Colombia,2020,Restringido,Colegio Mayor Del Cauca - Institución Universitaria,My Tomato Crop,,Colegio Mayor Del Cauca - Institución Universitaria,"ANGIE CAROLINA PILLIMUE, KATERINE MARCELES VILLALBA, MANUEL ALEJANDRO ORTEGA ROSAS"
00000000006505,False,Computacional,Pseudocódigo -Invidente,Colombia,2020,Restringido,Colegio Mayor Del Cauca - Institución Universitaria,Pseudocódigo -Invidente,,Colegio Mayor Del Cauca - Institución Universitaria,"KATERINE MARCELES VILLALBA, GABRIEL ELIAS CHANCHI GOLONDRINO, ANA MARIA ORDONEZ, ANGEL ANTONIO POTOSI, YEIMY LORENA SANCHEZ CONEJO"
00000000006505,False,Computacional,Oximeter-Test,Colombia,2020,Restringido,Colegio Mayor Del Cauca - Institución Universitaria,Oximeter-Test,,Colegio Mayor Del Cauca - Institución Universitaria,"KATERINE MARCELES VILLALBA, GABRIEL ELIAS CHANCHI GOLONDRINO, JULIAN DAVID ORDONEZ FERNANDEZ, HERBER MAURICIO ZAMBRANO SEMANATE, MILLER OTERO DAGUA"
00000000006505,False,Computacional,QUICK BOOKING APP,Colombia,2021,Restringido,Colegio Mayor Del Cauca - Institución Universitaria,QUICK BOOKING APP,,Colegio Mayor Del Cauca - Institución Universitaria,"KATERINE MARCELES VILLALBA, SEBASTIAN QUINTERO MUNERA, HAROL ARNALDO SAMBONI IMBACHI, HECTOR FABIO CRUZ"
00000000006505,False,Computacional,APP_SCT,Colombia,2021,No restringido,Colegio Mayor Del Cauca - Institución Universitaria,APP_SCT,,Colegio Mayor Del Cauca - Institución Universitaria,"KATERINE MARCELES VILLALBA, JULIAN DARIO VELASCO SILVA, PAULA ANDREA GUTIERREZ LEYTON, JHON EDUAR PECHENE"
00000000006505,False,Computacional,BRAC,Colombia,2021,Restringido,Colegio Mayor Del Cauca - Institución Universitaria,BRAC,,Colegio Mayor Del Cauca - Institución Universitaria,"LUIS ALFONSO COLLAZOS CASTRO, KATERINE MARCELES VILLALBA"
00000000006505,False,Computacional,IPE-GPI,Colombia,2021,No restringido,Colegio Mayor Del Cauca - Institución Universitaria,IPE-GPI,,Colegio Mayor Del Cauca - Institución Universitaria,"KATERINE MARCELES VILLALBA, JUAN CAMILO CANDO DELGADO, ANA MARIA VILLANI VILLANI"
00000000006505,False,Computacional,IPE_4IMAGENES_COLOMBIA,Colombia,2021,Restringido,Colegio Mayor Del Cauca - Institución Universitaria,IPE_4IMAGENES_COLOMBIA,,Colegio Mayor Del Cauca - Institución Universitaria,"DIEGO FELIPE MUNOZ MOSQUERA, KATERINE MARCELES VILLALBA"
00000000006505,False,Computacional,SIMULADOR DE CIRCUITOS ELÉCTRICOS,Colombia,2021,Restringido,Colegio Mayor Del Cauca - Institución Universitaria,SIMULADOR DE CIRCUITOS ELÉCTRICOS,,Colegio Mayor Del Cauca - Institución Universitaria,"KATERINE MARCELES VILLALBA, FABIAN ANDRES MUNOZ LOZADA, EDISSON YESID CHARFUELAN GONZALEZ"
00000000006505,False,Computacional,APRENDAMOS NASA YUWE,Colombia,2021,Restringido,Colegio Mayor Del Cauca - Institución Universitaria,APRENDAMOS NASA YUWE,,Colegio Mayor Del Cauca - Institución Universitaria,"LUIS GABRIEL LEDESMA BOLANOS, KATERINE MARCELES VILLALBA, FRANCISCO ANTONIO TUMBO CASSO"
00000000006505,False,Computacional,RISK DATA COVID,Colombia,2022,Restringido,Colegio Mayor Del Cauca - Institución Universitaria,RISK DATA COVID,,Colegio Mayor Del Cauca - Institución Universitaria,"EMERSON CARVAJAL SANDOVAL, KATERINE MARCELES VILLALBA, JULLY ANDREA RODRIGUEZ MUNOZ"
00000000007827,False,Computacional,software para la implantación del sistema de gestión de calidad ISO 9000:2008,Colombia,2011,Restringido,Secretaria De Educación Municipal,,Fundación Universitaria de Popayán,Secretaria De Educación Municipal,LUIS FREDDY MUNOZ SANABRIA
00000000008516,False,Computacional,OA Abstracción de Datos y Programación Multicapa LACLO 2013,Colombia,2013,Restringido,No Aplica,OA Abstracción de Datos y Programación Multicapa LACLO 2013,OA Abstracción de Datos y Programación Multicapa LACLO 2013,No Aplica,FREDY ALONSO VIDAL ALEGRIA
00000000008156,False,Computacional,DEPAV,Colombia,2016,Restringido,UNIVERSIDAD DEL CAUCA,DEPAV. DISEÑO ESTRUCTURAL DE PAVIMENTOS,,UNIVERSIDAD DEL CAUCA,EFRAIN DE JESUS SOLANO FAJARDO
00000000015675,False,Computacional,Modulo de empoderamiento basado en TIC,Colombia,2016,Restringido,Departamento Administrativo De Planeación Nacional,Mebtic,,Departamento Administrativo De Planeación Nacional,JOSE ARMANDO ORDONEZ CORDOBA
00000000015675,False,Computacional,Modulo de Analisis Ambiental MASSA,Colombia,2016,Restringido,Departamento Administrativo De Planeación Nacional,MASSA,,Departamento Administrativo De Planeación Nacional,"JOSE ARMANDO ORDONEZ CORDOBA, CARLOS HERNAN SIERRA TORRES, CLAUDIA PATRICIA ACOSTA ASTAIZA"
00000000015675,False,Computacional,Plataforma de Modelado del docente en sistemas adaptativos de aprendizaje para el mejoramiento de la calidad de la educación en matemática,Colombia,2017,Restringido,FUNDACION UNIVERSITARIA DE POPAYAN,,,FUNDACION UNIVERSITARIA DE POPAYAN,JOSE ARMANDO ORDONEZ CORDOBA
00000000015675,False,Computacional,Apicación Movil Educatic,Colombia,2018,Restringido,No Aplica,,,No Aplica,JOSE ARMANDO ORDONEZ CORDOBA
00000000015675,False,Computacional,PLATAFORMA PARA LA MEDICION DE LA CALIDAD DEL AIRE MCAP MOBILE,Colombia,2018,Restringido,FUNDACION UNIVERSITARIA DE POPAYAN,,,FUNDACION UNIVERSITARIA DE POPAYAN,"JOSE ARMANDO ORDONEZ CORDOBA, CRISTIAN CAMILO ORDONEZ QUINTERO"
00000000015675,False,Computacional,ESTRATEGIA DE GAMIFICACION M-LEARNING KITEKIWE,Colombia,2018,Restringido,FUNDACION UNIVERSITARIA DE POPAYAN,,,FUNDACION UNIVERSITARIA DE POPAYAN,"JOSE ARMANDO ORDONEZ CORDOBA, KELLY GIOVANNA MUNOZ BALCAZAR, YULI SIDNEY GARCES BOLANOS"
00000000015675,False,Computacional,Clusters Lawyer,,2018,Restringido,No Aplica,,,No Aplica,JOSE ARMANDO ORDONEZ CORDOBA
00000000015675,False,Computacional,Clusters Lawyer,Colombia,2018,Restringido,FUNDACION UNIVERSITARIA DE POPAYAN,Clusters Lawyer,,FUNDACION UNIVERSITARIA DE POPAYAN,CRISTIAN CAMILO ORDONEZ QUINTERO
00000000015675,False,Computacional,BUSCADOR-CLUST,,2019,Restringido,Departamento Nacional De Planeación - Dnp,,,Departamento Nacional De Planeación - Dnp,"CRISTIAN CAMILO ORDONEZ QUINTERO, JOSE ARMANDO ORDONEZ CORDOBA"
00000000015675,False,Computacional,sistema integrado de salud ambiental,Colombia,2019,Restringido,Departamento Nacional De Planeación - Dnp,,,Departamento Nacional De Planeación - Dnp,JOSE ARMANDO ORDONEZ CORDOBA
00000000015675,False,Computacional,Doctor virtual,Colombia,2019,Restringido,Departamento Nacional De Planeación - Dnp,,,Departamento Nacional De Planeación - Dnp,JOSE ARMANDO ORDONEZ CORDOBA
00000000015675,False,Computacional,PLATAFORMA DE CENSO INDÍGENA PANCITARA,Colombia,2019,Restringido,FUNDACION UNIVERSITARIA DE POPAYAN,PLATAFORMA DE CENSO INDÍGENA PANCITARA,,FUNDACION UNIVERSITARIA DE POPAYAN,"JOSE ARMANDO ORDONEZ CORDOBA, CRISTIAN CAMILO ORDONEZ QUINTERO"
00000000015675,False,Computacional,DISEÑO DE UNA PLATAFORMA PARA EL CÁLCULO DE LA EFICIENCIA ENERGÉTICA EN UN SISTEMA CAFETERO - AcCoffee ,Colombia,2019,Restringido,UNIVERSIDAD DEL CAUCA,AcCoffee,,UNIVERSIDAD DEL CAUCA,CRISTIAN MENDEZ RODRIGUEZ
00000000015675,False,Computacional,MATEMATICA EN TUS MANOS,,2020,Restringido,Departamento Nacional De Planeación - Dnp,,,Departamento Nacional De Planeación - Dnp,"JOSE ARMANDO ORDONEZ CORDOBA, CRISTIAN MENDEZ RODRIGUEZ, CRISTIAN CAMILO ORDONEZ QUINTERO, SANDRA MARCELA CHITO CERON"
00000000008156,False,Computacional,TOPO3,Colombia,2016,Restringido,UNIVERSIDAD DEL CAUCA,TOPO3. CALCULOS TOPOGRAFICOS Y DISEÑO GEOMETRICO DE VIAS,,UNIVERSIDAD DEL CAUCA,EFRAIN DE JESUS SOLANO FAJARDO
00000000008156,False,Computacional,ANALISIS DE SISTEMAS DE TRANSPORTE,Colombia,2013,No restringido,No Aplica,RUTWIN,ANALISIS DE SISTEMAS DE TRANSPORTE PUBLICO,No Aplica,CARLOS ALBERTO ARBOLEDA VELEZ
00000000015675,False,Computacional,SIWGACE,Colombia,2022,Restringido,FUNDACION UNIVERSITARIA DE POPAYAN,SIWGACE,,FUNDACION UNIVERSITARIA DE POPAYAN,CRISTIAN MENDEZ RODRIGUEZ
00000000008156,False,Computacional,PROGRAMA SEMAFORO,Colombia,2011,Restringido,UNIVERSIDAD DEL CAUCA,SEMAFORO,,UNIVERSIDAD DEL CAUCA,CARLOS ALBERTO ARBOLEDA VELEZ
00000000002141,False,Computacional,BioCaos: Análisis multifractal,Colombia,2008,Restricta,UNIVERSIDAD DEL VALLE,,,UNIVERSIDAD DEL VALLE,"PEDRO ANTONIO MORENO TOVAR, SANDRA BLANCO"
00000000002141,False,Computacional,A3SComP: Compara anotaciones de genomas completos,Colombia,2008,,UNIVERSIDAD DEL VALLE,,,UNIVERSIDAD DEL VALLE,"PEDRO ANTONIO MORENO TOVAR, IVON CETER, JOHANNA CAROLINA CAICEDO"
00000000002141,False,Computacional,ZiM Gene Calculator,Colombia,2008,Irrestricta,UNIVERSIDAD DEL CAUCA,,,UNIVERSIDAD DEL CAUCA,"EMBER MARTINEZ, PEDRO A MORENO T, PATRICIA EUGENIA VELEZ VARELA, SILER AMADOR"
00000000002141,False,Computacional,LUCA-Analyzer,Colombia,2008,,UNIVERSIDAD DEL VALLE,,,UNIVERSIDAD DEL VALLE,"PEDRO ANTONIO MORENO TOVAR, ALAN JAIRO ACOSTA"
00000000002141,False,Computacional,"Interfaz Grafica de Usuario para Entrenamiento, Prediccion y Visualizacion de Genes.",Colombia,2011,Restringido,No Aplica,"Interfaz Grafica de Usuario para Entrenamiento, Prediccion y Visualizacion de Genes.",Universidad del Valle,No Aplica,LUIS ERNESTO GARRETA UNIGARRO
00000000002141,False,Computacional,Uso de fuentes externas bioinformaticas para retroalimentar la etapa de prediccion de un buscador de genes,Colombia,2011,Restringido,No Aplica,Uso de fuentes externas bioinformaticas para retroalimentar la etapa de prediccion de un buscador de genes,Universidad del Valle,No Aplica,LUIS ERNESTO GARRETA UNIGARRO
00000000008156,False,Computacional,DIARIO,Colombia,1995,Restricta,Invías,,,Invías,"ARY FERNANDO BUSTAMANTE MUNOZ, EFRAIN DE JESUS SOLANO FAJARDO"
00000000008156,False,Computacional,TOPO - CALCULOS TOPOGRAFICOS,Colombia,2000,Restricta,UNIVERSIDAD DEL CAUCA,TOPOS-CALCULOS TOPOGRAFICOS,,UNIVERSIDAD DEL CAUCA,"CARLOS ALBERTO ARBOLEDA VELEZ, EFRAIN DE JESUS SOLANO F"
00000000008156,False,Computacional,CALCULADORA FINANCIERA,Colombia,2000,Restricta,UNIVERSIDAD DEL CAUCA,CALCULADORA FINANCIERA,,UNIVERSIDAD DEL CAUCA,"CARLOS ALBERTO ARBOLEDA VELEZ, EFRAIN DE JESUS SOLANO FAJARDO"
00000000008156,False,Computacional,PROGRAMA GRAMA,Colombia,2000,Restricta,UNIVERSIDAD DEL CAUCA,PROGRAMA GRAMA,,UNIVERSIDAD DEL CAUCA,"CARLOS ALBERTO ARBOLEDA VELEZ, EFRAIN DE JESUS SOLANO FAJARDO"
00000000008156,False,Computacional,EL PROGRAMA RED,Colombia,2002,Restricta,UNIVERSIDAD DEL CAUCA,,,UNIVERSIDAD DEL CAUCA,"CARLOS ALBERTO ARBOLEDA VELEZ, NELSON RIVAS M, EFRAIN DE JESUS SOLANO F"
00000000008156,False,Multimedia,ANOTACIONES DE INGENIERIA DE TRANSITO,Colombia,2002,Restricta,UNIVERSIDAD DEL CAUCA,ANOTACIONES DE INGENIERIA DE TRANSITO,,UNIVERSIDAD DEL CAUCA,"CARLOS ALBERTO ARBOLEDA VELEZ, NELSON RIVAS MUNOZ"
00000000008156,False,Computacional,RutasWin,Colombia,2003,Irrestricta,UNIVERSIDAD DEL CAUCA,,,UNIVERSIDAD DEL CAUCA,"CARLOS ALBERTO ARBOLEDA VELEZ, NELSON RIVAS M, EFRAIN DE JESUS SOLANO F"
00000000008156,False,Computacional,SIMCAR,Colombia,2004,Irrestricta,Universidad del Cauca - Invias,,,Universidad del Cauca - Invias,"CARLOS ALBERTO ARBOLEDA VELEZ, EFRAIN DE JESUS SOLANO F, ARY BUSTAMANTE"
00000000008156,False,Computacional,ASIGNA,Colombia,2005,Irrestricta,UNIVERSIDAD DEL CAUCA,,,UNIVERSIDAD DEL CAUCA,"CARLOS ALBERTO ARBOLEDA VELEZ, EFRAIN DE JESUS SOLANO F"
00000000015675,False,Computacional,PLATAFORMA DE PERSONALIZACIÓN DE LA EVALUACIÓN SOPORTADA EN INTELIGENCIA ARTIFICIAL¿ (PPEI),,2020,Restringido,Departamento Nacional De Planeación - Dnp,,,Departamento Nacional De Planeación - Dnp,"JOSE ARMANDO ORDONEZ CORDOBA, CRISTIAN CAMILO ORDONEZ QUINTERO"
00000000015675,False,Computacional,APLICACIÓN PARA EL POSICIONAMIENTO DE MARCAS EN LA RED SOCIAL FACEBOOK A TRAVES DE MINERIA DE DATOS,Colombia,2022,Restringido,FUNDACION UNIVERSITARIA DE POPAYAN,,,FUNDACION UNIVERSITARIA DE POPAYAN,FABINTON SOTELO GOMEZ
00000000014080,False,Multimedia,Tsiunas: Videojuego para la prevención de las violencias de género y la promoción de masculinidades corresponsables,Colombia,2018,No restringido,Entidad de la ONU para la Igualdad de Género y el Empoderamiento de la Muje,Tsiunas,,Entidad de la ONU para la Igualdad de Género y el Empoderamiento de la Muje,"HENDRYS FABIAN TOBAR MUNOZ, CAROLINA GONZALEZ SERRANO"
00000000007096,False,Computacional,"RICC-WEB, RED INTELIGENTE DE COOPERACIÓN Y CONVIVENCIA",Colombia,2017,Restringido,Corporación Centro de Desarrollo Tecnológico Cluster CreaTIC,RICC-web,,Corporación Centro de Desarrollo Tecnológico Cluster CreaTIC,EDGAR CAMILO PEDRAZA ALARCON
00000000007096,False,Computacional,enTour360,Colombia,2022,No restringido,"Ministerio de Ciencia, Tecnología e Innovación - Minciencias",enTour360,,"Ministerio de Ciencia, Tecnología e Innovación - Minciencias",HENDRYS FABIAN TOBAR MUNOZ
00000000007096,False,Computacional,REGULATIONAPPFI,Colombia,2022,Restringido,No Aplica,Regulación App,,No Aplica,YULI SIDNEY GARCES BOLANOS
00000000001221,False,Computacional,save the earth,Colombia,2021,Restringido,UNIVERSIDAD COOPERATIVA DE COLOMBIA,,,UNIVERSIDAD COOPERATIVA DE COLOMBIA,OSCAR IVAN DACTO ANDELA
00000000010009,False,Computacional,Scar-Pro Unicauca,Colombia,2016,Restringido,UNIVERSIDAD DEL CAUCA,Scar-Pro Unicauca,,UNIVERSIDAD DEL CAUCA,RUBIEL VARGAS CANAS
00000000008150,False,Computacional,REBECA: PLATAFORMA PARA OLIMPIADAS ACADÉMICAS-UT,Colombia,2020,Restringido,UNIVERSIDAD DEL TOLIMA,REBECA: PLATAFORMA PARA OLIMPIADAS ACADÉMICAS-UT,,UNIVERSIDAD DEL TOLIMA,"NIDIA YADIRA CAICEDO BRAVO, LEONARDO DUVAN RESTREPO ALAPE, EDWIN BERNAL CASTILLO"
00000000004806,False,Computacional,SISTEMA DE INFORMACIÓN PARA EL ACUEDUCTO SAN ROQUE V2,Colombia,2015,Restringido,CORPORACIÓN UNIVERSITARIA COMFACAUCA - UNICOMFACAUCA,SISTEMA DE INFORMACIÓN PARA EL ACUEDUCTO SAN ROQUE V2,,CORPORACIÓN UNIVERSITARIA COMFACAUCA - UNICOMFACAUCA,ANDERSON PECHENE TUNUBALA
00000000004806,False,Computacional,"PLATAFORMA DE GESTIÓN Y PROMOCIÓN DE LA INVESTIGACIÓN FORMATIVA EN UNICOMFACAUCA, ZONA NORTE",Colombia,2017,Restringido,CORPORACIÓN UNIVERSITARIA COMFACAUCA - UNICOMFACAUCA,,,CORPORACIÓN UNIVERSITARIA COMFACAUCA - UNICOMFACAUCA,ALEX ARMANDO TORRES BERMUDEZ
00000000004806,False,Computacional,Sistema de información para la identificación del estrés hídrico y la absorción de nutrientes de la planta de café variedad castillo,Colombia,2018,Restringido,CORPORACIÓN UNIVERSITARIA COMFACAUCA - UNICOMFACAUCA,SISTEMA DE INFORMACIÓN DE PROCESAMIENTO DE IMAGENES Y VISUALIZACIÓN DE NDVI GEOREFENCIADO,,CORPORACIÓN UNIVERSITARIA COMFACAUCA - UNICOMFACAUCA,"LOU STEPHEN BONNAIRE RIVERA, FRANCISCO JAVIER OBANDO VIDAL, BIBIANA PATRICIA MONTOYA BONILLA, JULIO EDUARDO MEJIA MANZANO"
00000000004806,False,Computacional,Framework para la creación de dataset de programación genética relacionado con coberturas vegetales utilizando imágenes satelitales,Colombia,2019,Restringido,No Aplica,FPGIS-19,,No Aplica,"LEYDI ROCIO ERAZO PARUMA, JULIAN FERNANDO MUNOZ ORDONEZ, MICHAEL STIVENS PARDO BURBANO"
00000000004806,False,Computacional,APP MÓVIL PARA LA ENSEÑANZA DE LOS DERECHOS SEXUALES Y REPRODUCTIVOS A JOVENES,Colombia,2019,Restringido,CORPORACIÓN UNIVERSITARIA COMFACAUCA - UNICOMFACAUCA,,,CORPORACIÓN UNIVERSITARIA COMFACAUCA - UNICOMFACAUCA,HELDER YESID CASTRILLON COBO
00000000004806,False,Computacional,Lectosord,Colombia,2019,Restringido,No Aplica,Lectosord,,No Aplica,"LEYDI ROCIO ERAZO PARUMA, HELDER YESID CASTRILLON COBO, SANDRA MILENA GOMEZ MUNOZ"
00000000004806,False,Computacional,APLICACIÓN WEB PARA LA CLASIFICACIÓN DE RESIDUOS SÓLIDOS ORGÁNICOS E INORGÁNICOS,Colombia,2020,Restringido,CORPORACIÓN UNIVERSITARIA COMFACAUCA - UNICOMFACAUCA,EcologIA-Web,,CORPORACIÓN UNIVERSITARIA COMFACAUCA - UNICOMFACAUCA,JULIAN FERNANDO MUNOZ ORDONEZ
00000000004806,False,Computacional,Game reading,Colombia,2020,No restringido,CORPORACIÓN UNIVERSITARIA COMFACAUCA - UNICOMFACAUCA,Game Reading,,CORPORACIÓN UNIVERSITARIA COMFACAUCA - UNICOMFACAUCA,"ANGELA PATRICIA RODRIGUEZ URRESTE, HELDER YESID CASTRILLON COBO"
00000000004806,False,Computacional,SISTEMA DE CONTROL DE ACCESO BASADO EN EL RECONOCIMIENTO FACIAL Y DE VOZ UTILIZANDO INTELIGENCIA ARTIFICIAL,Colombia,2020,Restringido,CORPORACIÓN UNIVERSITARIA COMFACAUCA - UNICOMFACAUCA,Sistema de control de acceso basado en el reconocimiento facial y de voz utilizando inteligencia artificial,,CORPORACIÓN UNIVERSITARIA COMFACAUCA - UNICOMFACAUCA,JULIAN FERNANDO MUNOZ ORDONEZ
00000000004806,False,Computacional,SISTEMA PARA EL APOYO EN LA REHABILITACIÓN DE PACIENTES CON PROBLEMAS DE MOVILIDAD Y MOTRICIDAD EN LAS MANOS BASADO EN UN AMBIENTE DE REALIDAD VIRTUAL UTILIZANDO LEAP-MOTION,Colombia,2020,Restringido,CORPORACIÓN UNIVERSITARIA COMFACAUCA - UNICOMFACAUCA,SISTEMA PARA EL APOYO EN LA REHABILITACIÓN DE PACIENTES CON PROBLEMAS DE MOVILIDAD Y MOTRICIDAD EN LAS MANOS BASADO EN UN AMBIENTE DE REALIDAD VIRTUAL UTILIZANDO LEAP-MOTION,,CORPORACIÓN UNIVERSITARIA COMFACAUCA - UNICOMFACAUCA,JULIAN FERNANDO MUNOZ ORDONEZ
00000000007096,False,Computacional,GreenFish App,Colombia,2022,Restringido,Acuicola Green Fish SAS,GreenFishApp,,Acuicola Green Fish SAS,"DANIEL MUNOZ ANDRADE, YULI SIDNEY GARCES BOLANOS"
00000000007096,False,Computacional,HUWA SYSTEM,Colombia,2008,Restringido,TOTEMS LIMITADA,HUWA System,,TOTEMS LIMITADA,ALBERTO DE JESUS GONZALEZ RAMIREZ
00000000015675,False,Computacional,GESTOR DE TRABAJOS DE GRADO PARA EL PROGRAMA DE INGENIERÍA DE SISTEMAS FUNDACIÓN UNIVERSITARIA DE POPAYÁN,Colombia,2022,Restringido,FUNDACION UNIVERSITARIA DE POPAYAN,GESTOR DE TRABAJOS DE GRADO PARA EL PROGRAMA DE INGENIERÍA DE SISTEMAS FUNDACIÓN UNIVERSITARIA DE POPAYÁN,,FUNDACION UNIVERSITARIA DE POPAYAN,FABINTON SOTELO GOMEZ
00000000007096,False,Computacional,KARAGABI KMPLATFORM,Colombia,2008,Restringido,TOTEMS LIMITADA,KARAGABI KMPLATFORM,,TOTEMS LIMITADA,ALBERTO DE JESUS GONZALEZ RAMIREZ
00000000015675,False,Computacional,"SISTEMA DE EVALUACIÓN DE LA SOSTENIBILIDAD EN LA PRODUCCIÓN AGRÍCOLA DE CAFÉ, DEPARTAMENTO DEL CAUCA",Colombia,2022,Restringido,FUNDACION UNIVERSITARIA DE POPAYAN,"SISTEMA DE EVALUACIÓN DE LA SOSTENIBILIDAD EN LA PRODUCCIÓN AGRÍCOLA DE CAFÉ, DEPARTAMENTO DEL CAUCA",,FUNDACION UNIVERSITARIA DE POPAYAN,"CRISTIAN MENDEZ RODRIGUEZ, APOLINAR FIGUEROA CASAS, JULIANA SALAZAR BENITEZ"
00000000015675,False,Computacional,REPOSITORIOS DE OBJETOS DE APRENDIZAJE(ROA),Colombia,2022,Restringido,FUNDACION UNIVERSITARIA DE POPAYAN,,,FUNDACION UNIVERSITARIA DE POPAYAN,FABINTON SOTELO GOMEZ
00000000015675,False,Computacional,SISGEDOCNO,Colombia,2022,Restringido,FUNDACION UNIVERSITARIA DE POPAYAN,SISGEDOCNO,,FUNDACION UNIVERSITARIA DE POPAYAN,CRISTIAN CAMILO ORDONEZ QUINTERO
00000000018223,False,Computacional,APROVECHAMIENTO DE RESIDUOS DE CAFÉ EN LA CONSTRUCCIÓN DE AGLOMERADOS,Colombia,2019,Restringido,Corporación Centro de Desarrollo Tecnológico Cluster CreaTIC,AGLOMERADOS DE CAFE,,Corporación Centro de Desarrollo Tecnológico Cluster CreaTIC,"NELSON FABIAN CHANTRE SANCHEZ, RICHARD MARCELO IMBACHI CHAVEZ"
00000000002153,False,Multimedia,Herramienta Educativa para el Aprendizaje de Ciencias Naturales y Educación Ambiental - Grado Sexto de Educación Media,Colombia,2003,Restricta,UNIVERSIDAD DEL CAUCA,,,UNIVERSIDAD DEL CAUCA,"VICTOR ALFREDO SOTELO MERA, EDISON JAVIER TITUANA S, ALEJANDRO TOLEDO TOVAR"
00000000002153,False,Computacional,Software para Control y Seguimiento de la Tuberculosis según la estrategia DOTS.,Colombia,2004,Irrestricta,Colciencias - Fondo de Comunicaciones del Ministerio de Comunicacones.,,,Colciencias - Fondo de Comunicaciones del Ministerio de Comunicacones.,"GUEFRY LEIDER AGREDO MENDEZ, EMBER UBEIMAR MARTINEZ, VIRGINIA SOLARTE MUNOZ, GIOVANNY LOPEZ PERAFAN, EDGARD CASTILLO ERASSOUR, SILER AMADOR DONADO"
00000000005833,False,Computacional,WAISCOAT,Colombia,2022,Restringido,No Aplica,WAISCOAT,,No Aplica,JHON ALEXANDER GUERRERO NARVAEZ
00000000008151,False,Computacional,Programa de Calculo para los Coeficientes de Dispersión y Analisis del Tamaños de Particulas,Colombia,1999,Restricta,UNIVERSIDAD DEL VALLE,,,UNIVERSIDAD DEL VALLE,"ALVARO EFRAIN BASTIDAS GUSTIN, EFRAIN SOLARTE RODRIGUEZ, MAURICIO JARAMILLO"
00000000008151,False,Computacional,ImageTrack Nowcasting,Colombia,2011,Restringido,No Aplica,ImageTrack,GEA,No Aplica,EDGAR LEONAIRO PENCUE FIERRO
00000000020815,False,Computacional,Módulo de Minería de Datos Geográficos (MMDG),Colombia,2016,Restringido,Sistema General de Regalías,,,Sistema General de Regalías,"JOSE ARMANDO ORDONEZ CORDOBA, CARLOS HERNAN SIERRA TORRES, CLAUDIA PATRICIA ACOSTA ASTAIZA, OMAR ALEJANDRO SOTELO TORRES"
00000000020815,False,Computacional,Módulo de Empoderamiento basado en TIC (MEB-TIC),Colombia,2016,Restringido,Sistema General de Regalías,,,Sistema General de Regalías,"CARLOS HERNAN SIERRA TORRES, OMAR ALEJANDRO SOTELO TORRES, CLAUDIA PATRICIA ACOSTA ASTAIZA, JOSE ARMANDO ORDONEZ CORDOBA"
00000000015254,False,Computacional,PLATAFORMA DE GESTIÓN DOCUMENTAL ELECTRÓNICA DEL GRUPO DE INVESTIGACIÓN SINERGIA,Colombia,2016,Restringido,SERVICIO NACIONAL DE APRENDIZAJE SENA,GDP,,SERVICIO NACIONAL DE APRENDIZAJE SENA,ALFARO TANDIOY FERNANDEZ
00000000015254,False,Computacional,PDHP PROYECTO DE DIVULGACIÓN HISTÓRICA,Colombia,2020,No restringido,Servicio Nacional De Aprendizaje Sede Popayan,PDHP PROYECTO DE DIVULGACIÓN HISTÓRICA,,Servicio Nacional De Aprendizaje Sede Popayan,"JHONATAN ISAAC TUMBO RUIZ, ALAN FERNANDO MUNOZ VELASCO, ROBERTH ALEXANDER ORDONEZ COBO"
00000000007096,False,Computacional,ORGEST,Colombia,2004,Restringido,TOTEMS LIMITADA,,,TOTEMS LIMITADA,"ALBERTO DE JESUS GONZALEZ RAMIREZ, CAROL ZULEIMA JOAQUI TRUJILLO, CECILIA VELASCO VIVAS, GABRIEL VASQUEZ"
00000000007096,False,Computacional,ANKORE,Colombia,2008,Restringido,TOTEMS LIMITADA,ANKORE,,TOTEMS LIMITADA,ALBERTO DE JESUS GONZALEZ RAMIREZ
00000000002141,False,Computacional,Representación de secuencias de ADN y proteínas mediante el juego del caos y su análisis multifractal. MINISTERIO DEL INTERIOR Y DE JUSTICIA DIRECCION NACIONAL DE DERECHO DE AUTOR UNIDAD ADMINISTRATIVA ESPECIAL CERTIFICADO DE REGISTRO DE SOPORTE LOGICO 13-17-441 Fecha de registro OFICINA DE REGISTRO Libro - Tomo - Partida 08-Mar-2007 .,Colombia,2007,,UNIVERSIDAD DEL VALLE,,,UNIVERSIDAD DEL VALLE,"PEDRO ANTONIO MORENO TOVAR, SANDRA BLANCO"
00000000014080,False,Multimedia,Terra Explora,Colombia,2018,No restringido,UNIVERSIDAD DEL CAUCA,Terra Explora,,UNIVERSIDAD DEL CAUCA,HENDRYS FABIAN TOBAR MUNOZ
00000000008516,False,Computacional,Desarrollo e implementación de un sistema para la gestión de objetos de aprendizaje SIGOVA para la Institución Universitaria Colegio Mayor del Cauca,Colombia,2013,Restringido,Colegio Mayor Del Cauca - Institución Universitaria,SIGOVA,,Colegio Mayor Del Cauca - Institución Universitaria,DAYNER ORDONEZ LOPEZ
00000000007827,False,Computacional,sistema de registro unificado de información para el área de mercadeo y ventas,Colombia,2011,Restringido,Industria Licorera Del Cauca,,Fundación Universitaria de Popayán,Industria Licorera Del Cauca,LUIS FREDDY MUNOZ SANABRIA
00000000007827,False,Computacional,Sistema de Administración de venta de pólizas SOAT SAVP,Colombia,2013,Restringido,FUNDACION UNIVERSITARIA DE POPAYAN,Sistema de Administración de venta de pólizas SOAT SAVP,Mejores practicas para el desarrollo de Software,FUNDACION UNIVERSITARIA DE POPAYAN,LUIS FREDDY MUNOZ SANABRIA
00000000007827,False,Computacional,Programación de sistema E.R.P (Enterprise Resource Planning) para las empresas de vigilancia,Colombia,2013,Restringido,Empresa de Vigilancia del Cauca,Programación de sistema E.R.P (Enterprise Resource Planning) para las empresas de vigilancia,Mejores practicas para el desarrollo de Software,Empresa de Vigilancia del Cauca,LUIS FREDDY MUNOZ SANABRIA
00000000007827,False,Computacional,Sistema de informacion para registro de notas escolares SIRENE,Colombia,2013,Restringido,FUNDACION UNIVERSITARIA DE POPAYAN,Sistema de informacion para registro de notas escolares SIRENE,Mejores practicas para el desarrollo de Software,FUNDACION UNIVERSITARIA DE POPAYAN,LUIS FREDDY MUNOZ SANABRIA
00000000007827,False,Computacional,APLICACIÓN MÓVIL PARA LA PUBLICACIÓN DE LA INFORMACIÓN DE INCORPORACIÓN (MOVINCA),Colombia,2014,No restringido,FUNDACION UNIVERSITARIA DE POPAYAN,MOVINCA,,FUNDACION UNIVERSITARIA DE POPAYAN,LUIS FREDDY MUNOZ SANABRIA
00000000007827,False,Computacional,MANUAL DE USUARIO EMPRESA SOCIAL DEL ESTADO E-S-E CENTRO 1 PIENDAMO,Colombia,2014,Restringido,FUNDACION UNIVERSITARIA DE POPAYAN,MANUAL E-S-E PIENDAMO,,FUNDACION UNIVERSITARIA DE POPAYAN,LUIS FREDDY MUNOZ SANABRIA
00000000007827,False,Computacional,SISTEMA DE HISTORIAS CLÍNICAS ODONTOLÓGICAS CLÍNICA MUNDO ORAL,Colombia,2014,Restringido,FUNDACION UNIVERSITARIA DE POPAYAN,,,FUNDACION UNIVERSITARIA DE POPAYAN,LUIS FREDDY MUNOZ SANABRIA
00000000007827,False,Computacional,APLICACIÓN WEB PARA LA ADMINISTRACIÓN DE NOTAS DE LA INSTITUCIÓN EDUCATIVA PIAGUA,Colombia,2014,Restringido,FUNDACION UNIVERSITARIA DE POPAYAN,,,FUNDACION UNIVERSITARIA DE POPAYAN,LUIS FREDDY MUNOZ SANABRIA
00000000007827,False,Computacional,MIGRACIÓN Y ACTUALIZACIÓN DEL SISTEMA DE INFORMACIÓN DE LA CLÍNICA ORTHORIDENT A LENGUAJE DE ÚLTIMA GENERACIÓN,Colombia,2014,Restringido,FUNDACION UNIVERSITARIA DE POPAYAN,,,FUNDACION UNIVERSITARIA DE POPAYAN,LUIS FREDDY MUNOZ SANABRIA
00000000007827,False,Computacional,EDUMAT,Colombia,2018,Restringido,FUNDACION UNIVERSITARIA DE POPAYAN,EDUMAT,,FUNDACION UNIVERSITARIA DE POPAYAN,LUIS FREDDY MUNOZ SANABRIA
00000000007827,False,Computacional,SISTEMA DE AUTOEVALUACION Y ACREDITACION SAEA,Colombia,2018,Restringido,FUNDACION UNIVERSITARIA DE POPAYAN,SISTEMA DE AUTOEVALUACION Y ACREDITACION SAEA,,FUNDACION UNIVERSITARIA DE POPAYAN,LUIS FREDDY MUNOZ SANABRIA
00000000007827,False,Computacional,SIGHTREADINGIMPROVER,Colombia,2018,Restringido,FUNDACION UNIVERSITARIA DE POPAYAN,SIGHTREADINGIMPROVER,,FUNDACION UNIVERSITARIA DE POPAYAN,LUIS FREDDY MUNOZ SANABRIA
00000000007827,False,Computacional,JUEGO DE PALABRAS V1.0,Colombia,2018,Restringido,FUNDACION UNIVERSITARIA DE POPAYAN,JUEGO DE PALABRAS V1.0,,FUNDACION UNIVERSITARIA DE POPAYAN,LUIS FREDDY MUNOZ SANABRIA
00000000007827,False,Computacional,ACCESIBILIDADWEB2.0,Colombia,2019,Restringido,FUNDACION UNIVERSITARIA DE POPAYAN,ACCESIBILIDADWEB2.0,,FUNDACION UNIVERSITARIA DE POPAYAN,LUIS FREDDY MUNOZ SANABRIA
00000000007827,False,Computacional,REQUISITOSV1.0,Colombia,2019,Restringido,FUNDACION UNIVERSITARIA DE POPAYAN,REQUISITOSV1.0,,FUNDACION UNIVERSITARIA DE POPAYAN,LUIS FREDDY MUNOZ SANABRIA
00000000007827,False,Computacional,VIDEO JUEGO DISLEXIA KIDS,Colombia,2020,Restringido,FUNDACION UNIVERSITARIA DE POPAYAN,VIDEO JUEGO DISLEXIA KIDS,,FUNDACION UNIVERSITARIA DE POPAYAN,LUIS FREDDY MUNOZ SANABRIA
00000000007827,False,Computacional,DESARROLLO DE UNA APLICACION SOFTWARE ORIENTADA A LA WEB PARA EL REGISTRO Y CONTROL DE NOTAS EN LA INSTITUCION EDUCATIVA AGROPECUARIO SANTA MARIA ¿INEASAMA¿,Colombia,2013,Restringido,Fundaciòn Universitaria de Popayàn y otros,,,Fundaciòn Universitaria de Popayàn y otros,LUIS FREDDY MUNOZ SANABRIA
00000000007827,False,Computacional,software para la gestión del fondo rotatorio de FONDECOR,Colombia,2011,Restringido,EL FONDO DE EMPLEADOS DE LA CORPORACION AUTONOMA REGIONAL DEL CAUCA ¿ CRC,,,EL FONDO DE EMPLEADOS DE LA CORPORACION AUTONOMA REGIONAL DEL CAUCA ¿ CRC,LUIS FREDDY MUNOZ SANABRIA
00000000008160,False,Computacional,SSCC Sistemas de Supervisión de Centrales de Conmutación,Colombia,1998,Restricta,S&H Software y Hardware Soluciones,SSCC,,S&H Software y Hardware Soluciones,"JOSE LUIS ARCINIEGAS HERRERA, GILDERBERTO OSORIO, DIEGO ACOSTA, FERNANDO GONZALES, IVAN HERNANDEZ"
00000000004806,False,Computacional,OSD FRAMEWORK,Colombia,2020,Restringido,CORPORACIÓN UNIVERSITARIA COMFACAUCA - UNICOMFACAUCA,OilSpill Detection Framework,,CORPORACIÓN UNIVERSITARIA COMFACAUCA - UNICOMFACAUCA,JULIAN FERNANDO MUNOZ ORDONEZ
00000000008516,False,Computacional,GRAFICADOR DE FUNCIONES,Colombia,2017,Restringido,Colegio Mayor Del Cauca - Institución Universitaria,,,Colegio Mayor Del Cauca - Institución Universitaria,"ALBERTO BRAVO BUCHELY, DAYNER ORDONEZ LOPEZ"
00000000008516,False,Computacional,Evaluación Financiera de Proyectos,Colombia,2017,Restringido,Colegio Mayor Del Cauca - Institución Universitaria,,,Colegio Mayor Del Cauca - Institución Universitaria,"ALBERTO BRAVO BUCHELY, DAYNER ORDONEZ LOPEZ"
00000000008516,False,Computacional,GRAFICADOR DE FUNCIONES ALGEBRAICAS Y TRIGONOMETRICAS,Colombia,2018,Restringido,Colegio Mayor Del Cauca - Institución Universitaria,,,Colegio Mayor Del Cauca - Institución Universitaria,"ALBERTO BRAVO BUCHELY, DAYNER ORDONEZ LOPEZ"
00000000008516,False,Computacional,DERIVADAS,Colombia,2019,Restringido,Colegio Mayor Del Cauca - Institución Universitaria,,,Colegio Mayor Del Cauca - Institución Universitaria,"DAYNER ORDONEZ LOPEZ, ALBERTO BRAVO BUCHELY"
00000000007827,False,Computacional,Sistema Electrónico para el cobro de Impuesto Predial y complementarios,Colombia,1997,Restricta,No Aplica,,,No Aplica,LUIS FREDDY MUNOZ SANABRIA
00000000007827,False,Computacional,Software educativo para Transición Tema QUIEN SOY YO,Colombia,2001,Restricta,No Aplica,,,No Aplica,LUIS FREDDY MUNOZ SANABRIA
00000000007827,False,Computacional,sISTEMA DE REGISTRO Y CONTROL COLEGIO SAN AGUSTIN,Colombia,2002,Restricta,No Aplica,,,No Aplica,LUIS FREDDY MUNOZ SANABRIA
00000000007827,False,Computacional,ARCHIVO ALCALDIA DE POPAYAN,Colombia,2006,Restricta,Alcadía de Popayán,,,Alcadía de Popayán,LUIS FREDDY MUNOZ SANABRIA
00000000007827,False,Computacional,PAGINA WEB SALESIANAS,Colombia,2006,Restricta,Institución Educativa Sagrado Corazón de Jesús - Fundación Universitaria de Popayán,,,Institución Educativa Sagrado Corazón de Jesús - Fundación Universitaria de Popayán,LUIS FREDDY MUNOZ SANABRIA
00000000007827,False,Computacional,PREDIAL Y COMPLEMENTARIOS,Colombia,2007,Restricta,CRC,,,CRC,LUIS FREDDY MUNOZ SANABRIA
00000000007827,False,Computacional,INVENTARIOS FRENOS GALINDEZ,Colombia,2007,Restricta,Autofrenos Galindez,,,Autofrenos Galindez,LUIS FREDDY MUNOZ SANABRIA
00000000007827,False,Computacional,FACTORIA DE SOFTWARE,Colombia,2008,Restricta,Fundaciòn Universitaria de Popayàn y otros,,,Fundaciòn Universitaria de Popayàn y otros,LUIS FREDDY MUNOZ SANABRIA
00000000007827,False,Computacional,software para la implantación del sistema de gestión de calidad ISO 9000:2008,Colombia,2011,Restringido,FUNDACION UNIVERSITARIA DE POPAYAN,,Fundación Universitaria de Popayán,FUNDACION UNIVERSITARIA DE POPAYAN,LUIS FREDDY MUNOZ SANABRIA
00000000007827,False,Computacional,Sistema para kardex y facturación,Colombia,2011,Restringido,EL ALMACEN VARIEDADES TITI¿S,,Fundación Universitaria de Popayán,EL ALMACEN VARIEDADES TITI¿S,LUIS FREDDY MUNOZ SANABRIA
00000000007827,False,Computacional,software para la gestión de las cédulas cafeteras,Colombia,2011,Restringido,FEDERACIÓN NACIONAL DE CAFETEROS DE COLOMBIA - CENTRO NACIONAL DE INVESTIGACIONES DE CAFÉ (CENICAFÉ),,Fundación Universitaria de Popayán,FEDERACIÓN NACIONAL DE CAFETEROS DE COLOMBIA - CENTRO NACIONAL DE INVESTIGACIONES DE CAFÉ (CENICAFÉ),LUIS FREDDY MUNOZ SANABRIA
00000000007827,False,Computacional,VIDEO JUEGO DISGRAFÍA KIDS,Colombia,2020,Restringido,FUNDACION UNIVERSITARIA DE POPAYAN,VIDEO JUEGO DISGRAFÍA KIDS,,FUNDACION UNIVERSITARIA DE POPAYAN,"LUIS ALFONSO VEJARANO SANCHEZ, LUIS FREDDY MUNOZ SANABRIA"
00000000008160,False,Computacional,Sistema de Información de Investigaciones,Colombia,1999,Restricta,UNIVERSIDAD DEL CAUCA,,,UNIVERSIDAD DEL CAUCA,"ADOLFO PLAZAS TENORIO, JUAN CARLOS ORTIZ"
00000000014080,False,Multimedia,TerraExplora,Colombia,2018,Restringido,No Aplica,,,No Aplica,CAROLINA GONZALEZ SERRANO
00000000008160,False,Computacional,Semantic Search on Internet of Things,Colombia,2014,No restringido,UNIVERSIDAD DEL CAUCA,Buscador Semántico en Internet de las Cosas,,UNIVERSIDAD DEL CAUCA,"MIGUEL ANGEL NINO ZAMBRANO, JESUS ALBERTO NINO ZAMBRANO, GUSTAVO ADOLFO RAMIREZ GONZALEZ"
00000000008160,False,Computacional,ALGORITMO DE CLASIFICACIÓN DE SEÑALES DE ELECTROENCEFALOGRAFÍA (EEG) Y DATOS CLÍNICOS RELEVANTES PARA SOPORTAR EL DIAGNÓSTICO DE LA EPILEPSIA,Colombia,2019,Restringido,"Ministerio de Ciencia, Tecnología e Innovación - Minciencias",ALGORITMO DE CLASIFICACIÓN DE SEÑALES DE ELECTROENCEFALOGRAFÍA (EEG) Y DATOS CLÍNICOS RELEVANTES PARA SOPORTAR EL DIAGNÓSTICO DE LA EPILEPSIA,,"Ministerio de Ciencia, Tecnología e Innovación - Minciencias","DIEGO MAURICIO LOPEZ GUTIERREZ, RICARDO SALAZAR CABRERA, MARITZA FERNANDA MERA GAONA, EDWARD ALEXIS MOLINA RIVERA, RUBIEL VARGAS CANAS, CAMILO ERNESTO SARMIENTO TORRES, MARIA EUGENIA MINO ARANGO"
00000000008160,False,Computacional,APLICACIÓN MÓVIL PARA LA DETECCIÓN DE EVENTOS EPILEPTIFORMES BASADA EN SENSORES WEARABLE,Colombia,2020,Restringido,"Ministerio de Ciencia, Tecnología e Innovación - Minciencias",APLICACIÓN MÓVIL PARA LA DETECCIÓN DE EVENTOS EPILEPTIFORMES BASADA EN SENSORES WEARABLE,,"Ministerio de Ciencia, Tecnología e Innovación - Minciencias","DIEGO MAURICIO LOPEZ GUTIERREZ, MARIA EUGENIA MINO ARANGO, RICARDO AGUILAR BOLANOS, MARITZA FERNANDA MERA GAONA, RUBIEL VARGAS CANAS, EDWARD ALEXIS MOLINA RIVERA, CAMILO ERNESTO SARMIENTO TORRES"
00000000008159,False,Computacional,agromva,Colombia,2011,Restringido,No Aplica,agromva,Universidad del Cauca,No Aplica,DAVID CAMILO CORRALES MUNOZ
00000000008159,False,Computacional,Plataforma de entrega de servicios de monitoreo ambiental bajo una perspectiva de arquitectura basada en servicios,Colombia,2011,Restringido,No Aplica,,,No Aplica,SILVIO ANDRES ORDONEZ ZUNIGA
00000000008159,False,Computacional,SOFTWARE EDUCATIVO Y PROGRAMA INTERACTIVO PARA EL DESARROLLO DEL LENGUAJE EN EL NIVEL SEMANTICO.,Colombia,2011,Restringido,UNIVERSIDAD DEL CAUCA,,,UNIVERSIDAD DEL CAUCA,YADY TATIANA SOLANO CORREA
00000000008159,False,Computacional,Modelo para la determinación de la productividad primaria neta o bruta del cultivo de café con énfasis en la eficiencia fotosintética y el uso del agua,Colombia,2018,Restringido,"Ministerio de Ciencia, Tecnología e Innovación.",Modelo para la determinación de la productividad primaria neta o bruta del cultivo de café con énfasis en la eficiencia fotosintética y el uso del agua,,"Ministerio de Ciencia, Tecnología e Innovación.",ANGELA MARIA CASTANO MARIN
00000000008159,False,Computacional,DISEÑO DE UNA PLATAFORMA PARA EL CÁLCULO DE LA EFICIENCIA ENERGÉTICA EN UN SISTEMA CAFETERO,Colombia,2019,Restringido,"Ministerio de Ciencia, Tecnología e Innovación - Minciencias",AcCoffee,,"Ministerio de Ciencia, Tecnología e Innovación - Minciencias","CRISTIAN MENDEZ RODRIGUEZ, APOLINAR FIGUEROA CASAS"
00000000002726,False,Multimedia,Memoria Nasa,Colombia,1999,,No Aplica,,,No Aplica,ALEXANDER BUENDIA ASTUDILLO
00000000000694,False,Computacional,Identificación Recursiva de Sistemas Dinámicos,Colombia,2003,Irrestricta,UNIVERSIDAD DEL CAUCA,,,UNIVERSIDAD DEL CAUCA,CARLOS FELIPE RENGIFO RODAS
00000000000694,False,Computacional,Herramienta para Transacciones Industriales MTI,Colombia,2004,Irrestricta,UNIVERSIDAD DEL CAUCA,,,UNIVERSIDAD DEL CAUCA,"OSCAR AMAURY ROJAS ALVARADO, GIOVANNI FERNANDEZ RODRIGUEZ, FRANCY JULIETH POSADA PARRA"
00000000014080,False,Multimedia,VideoJuego Cuetaya,Colombia,2016,Restringido,No Aplica,,,No Aplica,CAROLINA GONZALEZ SERRANO
00000000014080,False,Computacional,Una Aventura por el Cauca,España,2016,No restringido,No Aplica,Una Aventura por el Cauca,,No Aplica,HENDRYS FABIAN TOBAR MUNOZ
00000000014080,False,Multimedia,Cuetaya: Tierra de Colores,Colombia,2016,No restringido,No Aplica,Cuetaya: Tierra de Colores,,No Aplica,HENDRYS FABIAN TOBAR MUNOZ
00000000014080,False,Multimedia,Tsiunas. VideoJuego para prevención en Violencia de Género - VBG,Colombia,2018,Restringido,ONU MUJERES,,,ONU MUJERES,CAROLINA GONZALEZ SERRANO
00000000008160,False,Computacional,APLICACIÓN DE HISTORIA CLÍNICA ELECTRÓNICA PARA EL DIAGNÓSTICO REMOTO DE LA EPILEPSIA (HCE NEUROMOTIC),Colombia,2019,No restringido,"Ministerio de Ciencia, Tecnología e Innovación - Minciencias",NeuroEHR,,"Ministerio de Ciencia, Tecnología e Innovación - Minciencias","DIEGO MAURICIO LOPEZ GUTIERREZ, EDWARD ALEXIS MOLINA RIVERA, RUBIEL VARGAS CANAS, CAMILO ERNESTO SARMIENTO TORRES, MARIA EUGENIA MINO ARANGO, MARITZA FERNANDA MERA GAONA, RICARDO SALAZAR CABRERA"
00000000008160,False,Computacional,NFC Player,España,2009,No restringido,UNIVERSIDAD CARLOS III DE MADRID,NFC Player,Gradient Lab - Universidad Carlos III de Madrid,UNIVERSIDAD CARLOS III DE MADRID,"GUSTAVO ADOLFO RAMIREZ GONZALEZ, MARIO MUNOZ ORGANERO, CARLOS DELGADO KLOOS, ANGELA CHANTRE ASTAIZA"
00000000008160,False,Computacional,Sistema de gestión de datos de tráfico para las centrales DMS 100/200 de Nortel,Colombia,2000,Restricta,Nortel Networks,,,Nortel Networks,"HECTOR FABIO JARAMILLO ORDONEZ, WILLIAM FERNANDO JARAMILLO CIFUENTES, DIEGO ANDRES ACOSTA ORTIZ"
00000000008160,False,Computacional,Plataforma Integrada de Productos y Servicios para la Creación de Ambientes de Colaboración,Colombia,2009,Restringido,Parquesoft Popayán,,,Parquesoft Popayán,CRISTHIAN NICOLAS FIGUEROA MARTINEZ
00000000008160,False,Computacional,Red Telemática para la Prestación de Servicios de Telesalud y Telemedicina,Colombia,2001,Restricta,"Ministerio de Ciencia, Tecnología e Innovación.",,,"Ministerio de Ciencia, Tecnología e Innovación.","RAFAEL RENGIFO PRADO, JAIRO MEJIA, MARIA DEL PILAR RESTREPO PAZ, ALONZO RUIZ PEREA, JUAN MARTIN VELASCO MOSQUERA"
00000000008160,False,Computacional,Videoteca Virtual,Colombia,2001,,U del Cauca,,Disponible a petición en los registros del Instituto de Posgrados de la Facultad de Electrónica y Telecomunicaciones.,U del Cauca,"GUSTAVO ADOLFO RAMIREZ GONZALEZ, CARLOS ENRIQUE SERRANO CASTANO, DARIO ERNESTO MELO YEPEZ"
00000000008160,False,Computacional,Carts tool,España,2002,Restricta,No Aplica,CARTS tool,,No Aplica,"JOSE LUIS ARCINIEGAS HERRERA, VICTOR MARTINEZ, MIGUEL MARTINEZ, JUAN CARLOS DUENAS LOPEZ"
00000000008160,False,Computacional,SIGAPAB. Sistema de Información para la Gestión de las Acciones de Proyectos PAB Departamentales y Municipales,Colombia,2002,Restricta,Dirección Departamental De Salud Del Cauca,SIGAPAB,"Acta de Terminación del Convenio (Fase I), de 30 de abril de 2002",Dirección Departamental De Salud Del Cauca,"ALVARO RENDON GALLON, DIEGO MAURICIO LOPEZ GUTIERREZ, HUGO BELALCAZAR, JUAN CARLOS ORTIZ, EDGAR RENDON GALLON"
00000000008160,False,Computacional,SIGAPAB. Sistema de Información para la Gestión de las Acciones de Proyectos PAB Departamentales y Municipales,Colombia,2002,,Dirección Departamental de Salud,SIGAPAB,"Acta de Terminación del Convenio (Fase I), de 30 de abril de 2002",Dirección Departamental de Salud,"DIEGO MAURICIO LOPEZ GUTIERREZ, ALVARO RENDON GALLON, EDGAR RENDON GALLON, JUAN CARLOS ORTIZ"
00000000008160,False,Computacional,Sonda para RAS,Colombia,2003,Restricta,ITEC-TELECOM,,,ITEC-TELECOM,WILMAR YESID CAMPO MUNOZ
00000000008160,False,Computacional,Herramienta de gestión para estaciones de usuario basada en los estándares del DMTF-MAFUS,Colombia,2003,,No Aplica,,,No Aplica,"NATALIA CAROLINA MAYA ORTIZ, EVA JULIANA MAYA ORTIZ"
00000000008160,False,Computacional,Pasarela WiFi-VHF,Colombia,2003,Irrestricta,"Ministerio de Ciencia, Tecnología e Innovación.",Pasarela EHAS WiFi-VHF,"El Programa InfoDev del Banco Mundial financió el proyecto ""Hispano American Health Link"" (ID Number 611-010601), para la instalación de sendos sistemas en los hospitales de Silvia y Guambía.","Ministerio de Ciencia, Tecnología e Innovación.","ALVARO RENDON GALLON, MARIA FERNANDA DULCEY"
00000000008160,False,Computacional,PROMETEO,Colombia,2004,Irrestricta,UNIVERSIDAD DEL CAUCA,,,UNIVERSIDAD DEL CAUCA,"OSCAR MAURICIO CAICEDO RENDON, GABRIEL ALBERTO VASQUEZ, EULER ADRIAN TREJO"
00000000008160,False,Computacional,SIGSA - ANÁLISIS ESPACIAL Y GENERACIÓN DE CAPAS DE INFORMACIÓN TEMÁTICA - AMBIENTAL PARA LOS MODELOS SIG EN SALUD,Colombia,2004,Restricta,Dirección Departamental De Salud Del Cauca,,,Dirección Departamental De Salud Del Cauca,"JUAN CARLOS CORRALES MUNOZ, CARLOS ARTURO LEON ROA, APOLINAR FIGUEROA, ORLANDO GIOVANNY SOLARTE"
00000000008160,False,Computacional,Plataforma para el desarrollo de Servicios de Localización en Dispositivos Móviles,Colombia,2004,Irrestricta,UNIVERSIDAD DEL CAUCA,,,UNIVERSIDAD DEL CAUCA,"OSCAR MAURICIO CAICEDO RENDON, ADRIANA MARIA SERNA, SANTIAGO SOLARTE THOMAS"
00000000008160,False,Computacional,PANDORA : Plataforma para el acceso a Servicios Web utilizando Mensajería Corta,Colombia,2004,Irrestricta,UNIVERSIDAD DEL CAUCA,,,UNIVERSIDAD DEL CAUCA,"OSCAR MAURICIO CAICEDO RENDON, MARLON JULIAN GOMEZ, YINETH SOFIA SOLARTE"
00000000008160,False,Computacional,Wireless Trace Service,Colombia,2006,,Comunidad Europea,,,Comunidad Europea,"JAVIER ALEXANDER HURTADO GUACA, OSCAR MAURICIO CAICEDO RENDON, FRANCISCO ORLANDO MARTINEZ PABON"
00000000008160,False,Computacional,Prototipo de un sistema de localización de vehículos,Colombia,2007,Restringido,Software Mobile Solutions Ltada,Sistema de localización de vehículos,SOMOS,Software Mobile Solutions Ltada,CRISTHIAN NICOLAS FIGUEROA MARTINEZ
00000000008160,False,Computacional,Sistema de Tarja DataControl,Colombia,2008,Restringido,DataControl,,,DataControl,CRISTHIAN NICOLAS FIGUEROA MARTINEZ
00000000004650,False,Computacional,analisis propioceptivo de miembro inferior,Colombia,2008,Irrestricta,UNIVERSIDAD DEL CAUCA,,,UNIVERSIDAD DEL CAUCA,NANCY JANNETH MOLANO TOBAR
