idgruplac,verificado,tipo,nombre,lugar,fecha,isbn,volumen,paginas,editorial,autores
00000000002184,False,Otro libro publicado,"El Proceso En Red, Una Opción Para Construir Tejido Social",Colombia,2009,978-958-732-031-2,100,205,SELLO EDITORIAL UNIVERSIDAD DEL CAUCA,STELLA PINO SALAMANCA
00000000002184,False,Otro libro publicado,La formación Humana en la Educación Superior. Reflexiones para recrear las estructuras curriculares y repensar las prácticas pedagógicas,Colombia,2006,958972162,1,132,Editorial Buenaventuriana USB - Cali,"ROBERT ALFREDO EUSCATEGUI PACHON, STELLA PINO SALAMANCA, AIDA JOSEFINA ROJAS"
00000000008159,False,Otro libro publicado,"Blick Aus Dem Weltraum - Düsseldorf Im Satellitenbild, Aus: Düsseldorf Atlas",Alemania,2004,1397838973,,224,Emons Verlag,"VOLKER HECK, CLEMENS VON LOOZ CORWAREM, BIRGIT MOTAG, HELMUT SCHNEIDER, DOROTHEA WIKTORIN, LINDER W, GUNTHER GLEBE"
00000000008159,False,Libro pedagógico y/o de divulgación,Libro de resumenes III congreso colombiano de botánica,Colombia,2004,,1,405,Universidad del Cauca,"DIEGO JESUS MACIAS PINTO, BERNARDO RAMIRO RAMIREZ PADILLA, GIOVANNI VARONA BALCAZAR"
00000000008160,False,Otro libro publicado,Aplicaciones en Unix,Colombia,2000,,,300,Editorial De La Universidad Del Cauca,JOSE LUIS ARCINIEGAS HERRERA
00000000007827,False,Otro libro publicado,Simulacion De Sistemas De Telecomunicaciones,Colombia,2007,978-958-44-2583-6,300,150,"Padilla Bejarano, Ferney",EVELIO ASTAIZA HOYOS
00000000003853,False,Otro libro publicado,Catalogo De Hormigas Presentes En El Museo De Historia Natural Universidad Del Cauca,Colombia,2007,9584405012,1,60,Universidad del Cauca,"GISELLE ZAMBRANO GONZALEZ, VIVIAN ELIANA SANDOVAL"
00000000002146,False,Otro libro publicado,Manual de Biología Molecular - Procedimientos Básicos,Colombia,2017,978-958-8958-31-6,,,Universitaria,IVAN DARIO OTERO RAMIREZ
00000000002146,False,Otro libro publicado,Introducción A La Fermentación De Sustrato Sólido,Colombia,2010,9789587320572,200,103,Taller Editorial Universidad Del Cauca,"SILVIO ANDRES MOSQUERA SANCHEZ, JOSE LUIS HOYOS CONCHA, JESUS EDUARDO BRAVO GOMEZ"
00000000002146,False,Otro libro publicado,Fundamentos De Sanidad Vegetal Y Cultivos In Vitro,Colombia,2007,9589451454,1,94,Universidad del Cauca,"CLARA LUZ FORERO GOMEZ, DEYA AMPARO PEREZ ZUNIGA"
00000000002146,False,Otro libro publicado,La termodinámica en la Agroindustria,Colombia,2005,,,1,Universidad del Cauca,"SILVIO ANDRES MOSQUERA SANCHEZ, JOSE FERNANDO GRASS, DEYANIRA MUNOZ"
00000000002146,False,Libro pedagógico y/o de divulgación," Fermentación de Sustrato Sólido. Aspectos Generales, Microbiológicos y Bioquímicos",Colombia,2005,978-958-9475-88-1,,1,No Aplica,JOSE LUIS HOYOS CONCHA
00000000002191,False,Otro libro publicado,Agroquímica: Estudio de los nutrientes esenciales en la producción agrícola. En Proceso,Colombia,2002,,1,330,No Aplica,EFREN GIRALDO RINCON
00000000004407,False,Otro libro publicado,"Políticas públicas, sostenibilidad y gobernanza del agua en la cuenca alta del Río Cauca",Colombia,2018,02A-2018-04,,,Editorial Universidad Del Cauca,RAUL HERNANDO CORTES LANDAZURY
00000000000625,False,Otro libro publicado,Evaluaciòn Financiera De Proyectos,Colombia,2007,978-958-44-1575-2,100,1,Taller Editorial Universidad Del Cauca,"CARLOS ALBERTO GONZALEZ CALLEJAS, JUAN MIGUEL VILLA, MARTHA LUCIA SANCLEMENTE"
00000000000625,False,Otro libro publicado,Estadìstica Con Spss,Colombia,2007,978-958-44-1123-5,100,1,Taller Editorial Universidad Del Cauca,"CARLOS ALBERTO GONZALEZ CALLEJAS, JUAN MIGUEL VILLA, MARTHA LUCIA SANCLEMENTE"
00000000002140,False,Otro libro publicado,Manual De Laboratorio Biologia Celular Y Molecular,Colombia,2006,978-958-9451-39-7,1,52,No Aplica,CLAUDIA PATRICIA ACOSTA ASTAIZA
00000000008372,False,Otro libro publicado,Razón De Estado,Colombia,2007,978-958-44-0661-3,0,162,Diseño Gráfico e Impresiones,EDGAR DE JESUS VELASQUEZ RIVERA
00000000008372,False,Otro libro publicado,La Biografía,Colombia,2007,978-958-44-0510-4,0,287,Diseño Gráfico e Impresiones,EDGAR DE JESUS VELASQUEZ RIVERA
00000000008372,False,Otro libro publicado,Historias Del Sur,Colombia,2002,958-33-3459-6,0,213,Antropos,EDGAR DE JESUS VELASQUEZ RIVERA
00000000008372,False,Otro libro publicado,Historia Política De Colombia,Colombia,2000,958-33-1758-6,0,290,Antropos,EDGAR DE JESUS VELASQUEZ RIVERA
00000000008372,False,Otro libro publicado,Paz Y Democracia En Colombia Al Final Del Milenio,Colombia,1998,958-95762-2-2,0,225,Antropos,EDGAR DE JESUS VELASQUEZ RIVERA
00000000008372,False,Otro libro publicado,"Estado, Sociedad Y Periferias En Colombia. El Caso De La Amazonia Colombiana: Una Perspectiva Histórica",Colombia,1996,958-95762-1-4,0,133,Apolo,EDGAR DE JESUS VELASQUEZ RIVERA
00000000016547,False,Otro libro publicado,Música para la formación ciudadana. La escucha de la música como experiencia transversal,Colombia,2019,978-958-619-015-2,,,Programa Editorial Universidad Autónoma de Occidente,JUAN DIEGO CASTRILLON CORDOVEZ
00000000008153,False,Otro libro publicado,Memorias XI-Simposio Colombiano de Catálisis,Colombia,2020,2619-6042,,,No Aplica,"ALFONSO ENRIQUE RAMIREZ SANABRIA, CRISTIAN DAVID MIRANDA MUNOZ"
00000000008153,False,Libro pedagógico y/o de divulgación,Quimica inorgánica general,Colombia,2008,,,174,Editorial Universidad Del Cauca,LUIS ALFONSO VARGAS JIMENEZ
00000000008159,False,Otro libro publicado,"Botánica. Generalidades, Morfología y Anatomía de Plantas Superiores",Colombia,2005,978-958-9475-63-8,100,195,Editorial Universidad Del Cauca,"BERNARDO RAMIRO RAMIREZ PADILLA, ROSA INES GOYES ACOSTA"
00000000002726,False,Otro libro publicado,Casa de huesos,Venezuela,2002,980-291-175-5,,,Instituto Merideño de Cultura,FELIPE ANDRES GARCIA QUINTERO
00000000002726,False,Otro libro publicado,Vida De Nadie,Colombia,2004,9588173817,1,84,FONDO EDITORIAL UNIVERSIDAD EAFIT,FELIPE ANDRES GARCIA QUINTERO
00000000002726,False,Otro libro publicado,Diario sucio: un viaje por México,Colombia,2015,978-958-58497-4-7,,,Gamar Editores,FELIPE ANDRES GARCIA QUINTERO
00000000002726,False,Otro libro publicado,Diario sucio: un viaje por México,Colombia,2018,978-958-56641-1-1,,,Sílaba Editores,FELIPE ANDRES GARCIA QUINTERO
00000000002726,False,Otro libro publicado,Qualche Battito,Italia,2018,978-88-97490-32-6,,,Fili d´Aquilone,FELIPE ANDRES GARCIA QUINTERO
00000000002726,False,Otro libro publicado,Empy Stone,Estados Unidos,2017,978-1-387-41391-1,,,MediaIsla Editores,FELIPE ANDRES GARCIA QUINTERO
00000000002726,False,Otro libro publicado,Piedra vacía,España,2017,978-84-16682-88-1,,,Isla de Siltolá,FELIPE ANDRES GARCIA QUINTERO
00000000002726,False,Otro libro publicado,Siega,Colombia,2017,978-99954-1-807-6,,,Plural Editores,FELIPE ANDRES GARCIA QUINTERO
00000000002726,False,Otro libro publicado,Qualche Battito,Colombia,2017,978-958-9022-06-1,,,Gamar Editores,FELIPE ANDRES GARCIA QUINTERO
00000000002726,False,Otro libro publicado,Algún latido,México,2016,978-607-8437-27-6,,,Valparaíso Ediciones México,FELIPE ANDRES GARCIA QUINTERO
00000000002726,False,Otro libro publicado,Cavado (hasta el silencio),España,2016,978-84-16682-19-5,,,No Aplica,FELIPE ANDRES GARCIA QUINTERO
00000000002726,False,Otro libro publicado,Miral el aire,Argentina,2016,978-987-1541-93-5,,,El Suri Porfiado,FELIPE ANDRES GARCIA QUINTERO
00000000002726,False,Otro libro publicado,Terral,Italia,2015,978-88-97490-13-5,,,Edizioni Fili D´Aquilone,FELIPE ANDRES GARCIA QUINTERO
00000000002726,False,Otro libro publicado,La piedad Poesía reunida (2013-1994),Colombia,2015,978-958-732-186-9,,,Editorial Universidad Del Cauca,FELIPE ANDRES GARCIA QUINTERO
00000000002726,False,Otro libro publicado,Índice del viento,Ecuador,2014,978-9942-965-16-5,,,El Ángel Editor,FELIPE ANDRES GARCIA QUINTERO
00000000002726,False,Otro libro publicado,Horizonte De Perros,Colombia,2005,9586703894,1,90,Universidad del Valle,FELIPE ANDRES GARCIA QUINTERO
00000000002726,False,Otro libro publicado,Tarjo,España,2014,978-84-942151-1-7,,,Editorial Monema,FELIPE ANDRES GARCIA QUINTERO
00000000002726,False,Otro libro publicado,Terral,Uruguay,2013,978-9974-8392-2-9,,,Yauguru,FELIPE ANDRES GARCIA QUINTERO
00000000002726,False,Otro libro publicado,La Piedad,México,2013,978-607-7943-76-1,,,Mantis Editores,FELIPE ANDRES GARCIA QUINTERO
00000000002726,False,Otro libro publicado,Piedra vacía,Costa Rica,2013,978-9968-673-46-4,,,Editorial Germinal,FELIPE ANDRES GARCIA QUINTERO
00000000002726,False,Otro libro publicado,El Pastor Nocturno,Colombia,2012,978-958-710-818-7,0,80,Departamento de Publicaciones Universidad Externado De Colombia,FELIPE ANDRES GARCIA QUINTERO
00000000002726,False,Otro libro publicado,El Pastor Nocturno,República Dominicana,2012,978-9945-473-98-8,0,80,Viento y Borra,FELIPE ANDRES GARCIA QUINTERO
00000000002726,False,Otro libro publicado,Los Habitados,Colombia,2011,978-958-98948-7-3,,,Gobernación del Cauca - Bibliteca Bicentenario,JUAN CARLOS PINO CORREA
00000000002726,False,Otro libro publicado,La Vastedad Inconclusa. Lecturas De Poesía Moderna En Popayán,España,2011,978-3-8484-7116-4,0,200,Editoria Académica Española,FELIPE ANDRES GARCIA QUINTERO
00000000002726,False,Otro libro publicado,Horizonte De Perros,Colombia,2011,978-958-57044-1-1,0,132,Talleres Editoriales del Departamento del Cauca,FELIPE ANDRES GARCIA QUINTERO
00000000002726,False,Otro libro publicado,Horizonte De Perros,Bolivia,2011,978-99954-1-366-8,0,120,Plural Editores,FELIPE ANDRES GARCIA QUINTERO
00000000002726,False,Otro libro publicado,Noche de fusiles,España,2009,978-84-7789-261-8,1800,112,Biblioteca de Autores Manchegos,JUAN CARLOS PINO CORREA
00000000002726,False,Otro libro publicado,Los Habitados,Colombia,2006,9589758452,,90,Ediciones Axis Mundi,JUAN CARLOS PINO CORREA
00000000002192,False,Otro libro publicado,Estadìstica Con Spss,Colombia,2007,978-958-44-1123-5,100,1,Taller Editorial Universidad Del Cauca,"CARLOS ALBERTO GONZALEZ CALLEJAS, JUAN MIGUEL VILLA, MARTHA LUCIA SANCLEMENTE"
00000000002192,False,Otro libro publicado,Evaluaciòn Financiera De Proyectos,Colombia,2007,978-958-44-1575-2,100,1,Taller Editorial Universidad Del Cauca,"CARLOS ALBERTO GONZALEZ CALLEJAS, JUAN MIGUEL VILLA, MARTHA LUCIA SANCLEMENTE"
00000000002192,False,Otro libro publicado,"La Prisión de San Isidro Incidencia Fisica, sicologica y social de la Reclusión",Colombia,2002,958-3323-28-4,1,189,Taller Editorial Universidad Del Cauca,ZAMANDA CORREA CORREA
00000000015570,False,Otro libro publicado,"Prácticas de revitalización del territorio: Educación, Alimentación y Ambiente",Colombia,2018,978-958-56791-0-8,,,Corporación Universitaria Comfacauca Unicomfacauca Editorial,"MABEL CRISTINA CALVACHE MUNOZ, ALEJANDRA MARIA RODRIGUEZ GUARIN, SANDRA FAISULER POTOSI RODRIGUEZ"
00000000002175,False,Otro libro publicado,Complejo de páramos Las Hermosas,Colombia,2016,978-958-732-203-3,,,No Aplica,GUILLERMO ANDRES OSPINA RODRIGUEZ
00000000002175,False,Otro libro publicado,"Estado Plurinacional, Interculturalidad y Derechos de la Naturaleza. Los retos de la Amazonía Ecuatoriana",Ecuador,2015,000-000-000-1,,,Universidad Estatal Amazónica,JAIRO TOCANCIPA FALLA
00000000002175,False,Otro libro publicado,Ecología Histórica: Interacciones Sociedad Ambiente a distintas escalas Sociotemporales,Colombia,2008,978-958-722-001-8,,,No Aplica,GUILLERMO ANDRES OSPINA RODRIGUEZ
00000000002175,False,Libro pedagógico y/o de divulgación,"Construyendo Caminos De Hermandad. Los Delfines, Memorias Del Pac-Chocó",Colombia,2006,958-9777-09-0,1,42,Instituto de Investigaciones Ambietales del Pacifico,LUCIA EUFEMIA MENESES LUCUMI
00000000002175,False,Libro pedagógico y/o de divulgación,Tejiendo La Historia De Un Territorio Sangrado. Cartilla De Memorias Del Pac-Chocó De La Organización Camawa,Colombia,2006,958-97824-3-4,1,74,Instituto de Investigaciones Ambientales del Pacifico,"LUCIA EUFEMIA MENESES LUCUMI, DIANA SILVA"
00000000002175,False,Libro pedagógico y/o de divulgación,Navegando Por Las Venas De Nuestra Madre Tierra En La Region Del Bajo Atrato Choco Memorias Del Pac Choco Camizba,Colombia,2006,958-97824-2-6,1,70,Instituto de Investigaciones Ambientales del Pacifico,"LUCIA EUFEMIA MENESES LUCUMI, CIRO PINEDA ARIZA"
00000000002175,False,Libro pedagógico y/o de divulgación,Autonomia Comunitaria. Memorias I,Colombia,2005,9589777031,1,126,Instituto de Investigaciones Ambientales del Pacifico,"LUCIA EUFEMIA MENESES LUCUMI, VIVIANA OBANDO HURTADO"
00000000002175,False,Libro pedagógico y/o de divulgación,Páramos De Las Cordilleras Central Y Occidental De Colombia. Informe Región Del Grupo De Trabajo En Páramos Centroccidente Gtp-Co,Colombia,2005,958-8094-96-8,1,300,Editorial Feriva,GUILLERMO ANDRES OSPINA RODRIGUEZ
00000000002175,False,Otro libro publicado,¿será que nos estamos lavando por algo?,Colombia,1997,,1,100,Fundación Social,JORGE PRUDENCIO LOZANO BOTACHE
00000000002175,False,Otro libro publicado,Surgimiento y andar territorial del Quintín Lame,Colombia,1996,99782224,1000,102,Abya - Yala,MYRIAM AMPARO ESPINOSA BALLEN
00000000001155,False,Otro libro publicado,Pluralismo Jurídico Y Pueblos Indígenas,México,2005,970-32-2837-2,1,280,Instituto de Investigaciones Juridicas de la UNAM,"JUAN DIEGO CASTRILLON ORREGO, CUBELLS AGUILAR LOLA, PALACIOS ROMEO FRANCISCO J, BAUTISTA CRUZ SUSANA, JOSE ROLANDO ORDONEZ, DOMINGO BARBERA ELIA, GARCIA FONG GUSTAVO, GONZALEZ GALVAN JORGE ALBERTO, NEZ BARTLETT LELIA, CUEVAS GAYOSSO JOSE LUIS, KORSBAEK LEIF, MARROQUIN GUERRA OTTO, ORDONEZ MAZARIEGOS CARLOS SALVADOR"
00000000015570,False,Otro libro publicado,Preparaciones Culinarias Autóctonas del departamento de Cauca_ QUINUA Volumen 1,Colombia,2017,978-958-99756-7-1,,,Corporación Universitaria Comfacauca Unicomfacauca Editorial,"MABEL CRISTINA CALVACHE MUNOZ, ALEJANDRA MARIA RODRIGUEZ GUARIN, SANDRA FAISULER POTOSI RODRIGUEZ"
00000000002175,False,Otro libro publicado,Páramos Protegidos. Alta montaña de la Cordillera Central del Valle del Cauca,Colombia,2018,978-958-8332-91-8,,,Corporacion Autonoma Regional Del Valle Del Cauca Cvc,GUILLERMO ANDRES OSPINA RODRIGUEZ
00000000011867,False,Otro libro publicado,Siega,Colombia,2011,978-958-8504-60-5,0,114,Universidad Industrial De Santander Uis Bucaramanga Sant,FELIPE ANDRES GARCIA QUINTERO
00000000011867,False,Libro pedagógico y/o de divulgación,Memorias del seminario: Cultura y Conciliación Ciudadana,Colombia,1995,,,1,Sin Editar,OLGA PATRICIA SOLIS VALENCIA
00000000000592,False,Libro pedagógico y/o de divulgación,Los Kokonukos enseñan a truequiar - Trueque y semillas,Colombia,2011,,,,Programa Conjunto Integración de Ecosistemas y Adaptación al Cambio Climático en el Macizo Colombiano,LUIS ALFREDO LONDONO VELEZ
00000000000592,False,Otro libro publicado,Biodiversidad Para La Soberania Alimentaria,Colombia,2007,958-9451-31-4,2,75,Universidad del Cauca,"JUAN PABLO PAZ CONCHA, CONSUELO MONTES ROJAS, MARLENY PAZ MAYORGA, SANDRA CORONEL"
00000000000592,False,Otro libro publicado,Normas para la Certificación Forestal Voluntaria de Plantaciojnes Forestales y Bosques Naturales en Colombia bajo el Esquema FSC,Colombia,2003,958-95905-6,1,113,El Bando Creativo,ROMAN OSPINA MONTEALEGRE
00000000002135,False,Otro libro publicado,Manual para la prevención y mejoramiento en la atención del paciente con accidente ofídico,Colombia,2009,978-958-44-5272-6,1,70,Editorial López,SANTIAGO AYERBE GONZALEZ
00000000002936,False,Otro libro publicado,¿Para qué se lee y se escribe en la universidad colombiana? Un aporte a la consolidación de la cultura académica del aís,Colombia,2013,978-958-716-682-6,0,306,Editorial Pontificia Universidad Javeriana,PILAR MIRELY CHOIS LENIS
00000000004650,False,Otro libro publicado,"EMBARAZO, PARTO Y ESTIMULACION",Colombia,2002,,1,136,Universidad del Cauca,"CLARA INES CORDOBA LLANOS, NANCY JANETH MOLANO TOBAR"
00000000007141,False,Otro libro publicado,Periodismo politico en colombia: Antonio Caballero,Colombia,2014,978 958 46 4199-1,,,Gustavo Chamorro,GUSTAVO HERNANDO CHAMORRO HERNANDEZ
00000000007141,False,Libro pedagógico y/o de divulgación,La Hermeneutica Educativa De La Salud Mental,México,2008,9786074130157,500,172,Fondo Editorial Universidad Pedagogica Nacional,LUIS EDUARDO PRIMERO RIVAS
00000000002175,False,Otro libro publicado,Re-pensando la educación ambiental desde las tierras altas del Valle del Cauca,Colombia,2018,978-958-8332-89-5,,,No Aplica,GUILLERMO ANDRES OSPINA RODRIGUEZ
00000000011727,False,Otro libro publicado,El papel de la divina comedia de Dante Alighieri en la consolidación del imaginario occidental,España,2019,57-7281-2019-0,,,EL LIBRO TOTAL,ADRIANA DEL ROCIO HERNANDEZ YASNO
00000000002192,False,Otro libro publicado,Poesía desde la cárcel,Colombia,2001,958-332327-6,1,123,Taller Editorial Universidad Del Cauca,ZAMANDA CORREA CORREA
00000000002157,False,Otro libro publicado,Mantenimiento De Computadores,Colombia,2011,978-958-732-084-8,1100,100,Editorial Universidad Del Cauca,JORGE JAIR MORENO CHAUSTRE
00000000004257,False,Otro libro publicado,Sistema de visión artificial para la identificació del signo de Frank.,Colombia,2018,978-958-56724-5-1,,,Editorial Universidad Del Cauca,"NELSON ADOLFO LOPEZ GARZON, JAIRO ALFONSO VASQUEZ LOPEZ, RUBIEL VARGAS CANAS, ANA MARIA GUEVARA MERA, JOSE MIGUEL ARISTIZABAL TROCHEZ"
00000000002145,False,Otro libro publicado,Biodiversidad Para La Soberania Alimentaria,Colombia,2007,958-9451-31-4,2,75,Universidad del Cauca,"JUAN PABLO PAZ CONCHA, CONSUELO MONTES ROJAS, MARLENY PAZ MAYORGA, SANDRA CORONEL"
00000000002145,False,Otro libro publicado,"Diagnóstico para la implementación del Plan Ambiental Municipal, Municipio de Popayán",Colombia,1993,,100,25,Editorial López,JUAN PABLO PAZ CONCHA
00000000003792,False,Libro pedagógico y/o de divulgación,Patrones de diseño: construyendo aplicaciones flexibles y reutilizables,Colombia,2015,978-958-732-188-3,,,Editorial Universidad Del Cauca,JULIO ARIEL HURTADO ALEGRIA
00000000003792,False,Otro libro publicado,Evaluación Colaborativa de la Usabilidad de aplicaciones de Televisión digital interactiva,Estados Unidos,2013,9780989839303,,,Research and innovation R&I book,"ANDRES SOLANO, CESAR ALBERTO COLLAZOS ORDONEZ, JOSE ARCINIEGAS"
00000000003792,False,Otro libro publicado,Cscw Aplicado A La Mejora De Procesos De Software,Argentina,2012,9789871701537,50,125,elaleph,CESAR ALBERTO COLLAZOS ORDONEZ
00000000003792,False,Otro libro publicado,Calidad De Sistemas De Información,España,2011,978-84-9964-070-9,0,350,Ra-Ma,"FRANCISCO JOSE PINO CORREA, MARIO PIATTINI, FELIX GARCIA"
00000000005361,False,Otro libro publicado,"Actas del Congreso Internacional Virtual USATIC 2019, Ubicuo y Social: Aprendizaje con TIC",España,2019,978-84-1340-029-7,,,PRENSAS DE LA UNIVERSIDAD DE ZARAGOZA,"MANUEL JOSE SANTIAGO PAJAJOYO, LUCY ESMERALDA PAZ TRULLO"
00000000002157,False,Libro pedagógico y/o de divulgación,Apuntes de algoritmia,Colombia,2018,978-958-723-311-5,,,Area de Desarrollo Editorial Universidad del Cauca,ERWIN MEZA VEGA
00000000002157,False,Otro libro publicado,Estructuras de Datos Dinámicas. Una forma fácil de aprender.,España,2017,978-84-9964-721-0,,,Ra-Ma,"CESAR JESUS PARDO CALVACHE, WILSON LIBARDO PANTOJA YEPEZ"
00000000002157,False,Otro libro publicado,Diseño de Interfaces en Aplicaciones Móviles,España,2016,978-84-9964-615-2,,,Ra-Ma,"CESAR JESUS PARDO CALVACHE, JUAN SEBASTIAN SERNA CARDONA"
00000000002157,False,Libro pedagógico y/o de divulgación,Fundamentos de Sistemas Operativos,México,2015,978-607-02-6544-0,,,Universidad Nacional Autonoma de México,"GUNNAR WOLF, ESTEBAN RUIZ, FEDERICO BERGERO, ERWIN MEZA VEGA"
00000000002157,False,Otro libro publicado,Aprendamos A Manejar El Computador,Colombia,2010,978-958-732-023-7,1,169,Ediorial Universidad Del Cauca,JORGE JAIR MORENO CHAUSTRE
00000000007601,False,Otro libro publicado,Liderazgo Político Y Memoria Colectiva. Juan Francisco Lucas Y La Sierra Norte De Puebla,México,2004,9685122733,1,112,Secretaria de Cultura,ANTONIO RIMADA OVIEDO
00000000010829,False,Libro pedagógico y/o de divulgación,"FAUNA DEL JARDÍN BOTÁNICO DE POPAYAN, UN ACERCAMIENTO A NUESTRA BIODIVERSIDAD",Colombia,2020,87-1571-89-3,,,Fundación Universitaria de Popayán,DANIEL ANDRES FERIZ GARCIA
00000000002142,False,Otro libro publicado,"Botánica. Generalidades, Morfología y Anatomía de Plantas Superiores",Colombia,2005,978-958-9475-63-8,100,195,Editorial Universidad Del Cauca,"BERNARDO RAMIRO RAMIREZ PADILLA, ROSA INES GOYES ACOSTA"
00000000002142,False,Libro pedagógico y/o de divulgación,Libro de resumenes III congreso colombiano de botánica,Colombia,2004,,1,405,Universidad del Cauca,"DIEGO JESUS MACIAS PINTO, BERNARDO RAMIRO RAMIREZ PADILLA, GIOVANNI VARONA BALCAZAR"
00000000001995,False,Otro libro publicado,Fisioterapia En La Uci. Teoria Experiencia Y Evidencia 2,Colombia,2012,9789589446676,0,645,Manual moderno,WILLIAM CRISTANCHO GOMEZ
00000000001995,False,Libro pedagógico y/o de divulgación,MANUAL DE FISIOLOGIA ARTICULAR: ARTICULACIONES CENTRALES,Colombia,2012,EN TRAMITE,0,127,Taller Editorial Universidad Del Cauca,ADRIANA GUZMAN VELASCO
00000000012001,False,Libro pedagógico y/o de divulgación,TALLERAMA LITERARIO INFANTIL - 40 técnicas para promover la creación literaria con y para los niños.,Colombia,2017,978-958-48-1966-6,,,No Aplica,MILLER VELOSA SANDOVAL
00000000000316,False,Libro pedagógico y/o de divulgación,Poblazón: Eco de Relatos,Colombia,2018,978-958-59923-5-1,,,Consejo Regional Indigena Del Cauca - CRIC,LEONARDO FABIAN SAAVEDRA SAUCA
00000000000316,False,Otro libro publicado,Conocimiento y manejo básico del computador para Windows 98 y Office 97,Colombia,2008,978-958732-004-6,200,162,Centro De Publicaciones Universidad Del Cauca,LUZ DEL SOL VESGA PARRA
00000000002174,False,Otro libro publicado,Alternativas Y Exploración De Nfc En El Entorno Universitario. Caso De Estudio - Universidad Del Cauca,Estados Unidos,2012,978-0-9833210-4-0,,,Research and Innovation Book,"HECTOR FABIO LAME LOPEZ, ANGELA ROCIO CHANTRE ASTAIZA, MANUEL FERNANDO SALAZAR AVIRAMA, CATALINA IBETH CORDOBA PALADINEZ, GUSTAVO ADOLFO RAMIREZ GONZALEZ"
00000000002174,False,Otro libro publicado,Evaluación De Qr Codes Y Nfc Para Experiencia De Compra En Posibles Entornos Retail. Experiencias Iniciales En La Universidad Del Cauca.,Estados Unidos,2012,978-0-9833210-3-3,,,Research and Innovation Book,"ANGELA ROCIO CHANTRE ASTAIZA, JUAN DAVID BURBANO JIMENEZ, GUSTAVO ADOLFO RAMIREZ GONZALEZ"
00000000007601,False,Otro libro publicado,Nietzsche La Polilla De La Moral,Colombia,2012,978-3659-03804-4,0,136,Editorial Académica Española,ADOLFO ENRIQUE ALVEAR SARAVIA
00000000007601,False,Otro libro publicado,Ironia,Colombia,2010,978-958-44-7693-7,1,100,Impulso gráfico,MARTHA VIVIANA VARGAS GALINDO
00000000002726,False,Otro libro publicado,Las presas por su sombra,Chile,2018,978-956-01-0551-6,,,RIL editores,FELIPE ANDRES GARCIA QUINTERO
00000000000668,False,Libro pedagógico y/o de divulgación,Secrets D Amazonie,Canadá,1996,2551170567,1,80,Musee De La Civilisation,"ELIZABETH TABARES TRUJILLO, MARIACHARLOTTE DE KONINCK, ROBERT CREPAU, ROBERD DAVISON, RODOLPHE DE KONINCK, ANDREE GAUTHIER"
00000000009075,False,Otro libro publicado,Desarrollando Competencias Investigativas,Colombia,2018,978-958-5504-27-1,,,Institución Universitaria CESMAG,MAYERLY ZULAY RUIZ TORRES
00000000002178,False,Libro pedagógico y/o de divulgación,"Anthropology & Health Journal ¿ AHJ, No1.",Colombia,2008,2011-5776,0,150,Syllaba Press (http://www.syllabapress.com),HUGO PORTELA GUARIN
00000000002178,False,Otro libro publicado,Informe final Convenio UNICAUCA-ECOPETROL,Colombia,2002,,300,211,TECNIGRAFICAS,"HUGO PORTELA GUARIN, COMUNIDADES INDIGENAS DEL PUTUMAYO"
00000000009075,False,Libro pedagógico y/o de divulgación,Generaciones increíbles,Colombia,2019,978-958-56316-4-9,,,Fundación Universitaria de Popayán,"HERIBERTO GALEANO TRILLERAS, MARTHA ISABEL LASSO QUINTERO"
00000000009075,False,Libro pedagógico y/o de divulgación,Abriendo Caminos para la Investigación en Nariño,Colombia,2018,978-958-5504-22-6,,,Institución Universitaria CESMAG,"MAYERLY ZULAY RUIZ TORRES, ISABEL CRISTINA CANO ALVAREZ"
00000000009075,False,Libro pedagógico y/o de divulgación,Abriendo Caminos para la Investigación en Nariño,Colombia,2018,978-958-5504-21-9,,,Institución Universitaria CESMAG,"ISABEL CRISTINA CANO ALVAREZ, MAYERLY ZULAY RUIZ TORRES"
00000000009075,False,Libro pedagógico y/o de divulgación,Espacios Extracurriculares para la Formación Investigativa en Nariño,Colombia,2018,978-958-5504-25-7,,,Institución Universitaria CESMAG,"ISABEL CRISTINA CANO ALVAREZ, MAYERLY ZULAY RUIZ TORRES"
00000000009075,False,Libro pedagógico y/o de divulgación,Horizontes Investigativos en Nariño,Colombia,2018,978-958-5504-33-2,,,Institución Universitaria CESMAG,"MAYERLY ZULAY RUIZ TORRES, ISABEL CRISTINA CANO ALVAREZ"
00000000009075,False,Otro libro publicado,Desarrollando Competencias Investigativas,Colombia,2018,978-958-5504-28-8,,,Institución Universitaria CESMAG,MAYERLY ZULAY RUIZ TORRES
00000000009075,False,Libro pedagógico y/o de divulgación,Prospectiva de la Investigación en Nariño,Colombia,2018,978-958-5504-32-5,,,Institución Universitaria CESMAG,"MAYERLY ZULAY RUIZ TORRES, MARIA DEL PILAR AGREDA GUERRERO, ISABEL CRISTINA CANO ALVAREZ, JENNY ALEJANDRA MERA CORDOBA, EMMA DEL PILAR ROJAS VERGARA"
00000000009075,False,Libro pedagógico y/o de divulgación,Prospectiva de la Investigación en Nariño,Colombia,2018,978-958-5504-31-8,,,Institución Universitaria CESMAG,"MARIA DEL PILAR AGREDA GUERRERO, MAYERLY ZULAY RUIZ TORRES, ISABEL CRISTINA CANO ALVAREZ, JENNY ALEJANDRA MERA CORDOBA, EMMA DEL PILAR ROJAS VERGARA"
00000000009075,False,Libro pedagógico y/o de divulgación,Tendencias Investigativas en Nariño,Colombia,2018,978-958-5504-29-5,,,Institución Universitaria CESMAG,"MAYERLY ZULAY RUIZ TORRES, MARIA DEL PILAR AGREDA GUERRERO, ISABEL CRISTINA CANO ALVAREZ"
00000000009075,False,Libro pedagógico y/o de divulgación,Tendencias Investigativas en Nariño,Colombia,2018,978-958-5504-30-1,,,Institución Universitaria CESMAG,"MAYERLY ZULAY RUIZ TORRES, MARIA DEL PILAR AGREDA GUERRERO, ISABEL CRISTINA CANO ALVAREZ"
00000000009075,False,Otro libro publicado,Espacios Extracurriculares para la Formación Investigativa en Nariño,Colombia,2018,978-958-5504-26-4,,,Institución Universitaria CESMAG,"ISABEL CRISTINA CANO ALVAREZ, MAYERLY ZULAY RUIZ TORRES"
00000000009075,False,Libro pedagógico y/o de divulgación,Horizontes Investigativos en Nariño,Colombia,2018,978-958-5504-34-9,,,Institución Universitaria CESMAG,"ISABEL CRISTINA CANO ALVAREZ, MAYERLY ZULAY RUIZ TORRES"
00000000009075,False,Libro pedagógico y/o de divulgación,"Rutas de Ciencia, Tecnología e Innovación",Colombia,2018,978-958-5504-13-4,,,Institución Universitaria CESMAG,"MARIA DEL PILAR AGREDA GUERRERO, MAYERLY ZULAY RUIZ TORRES"
00000000009075,False,Libro pedagógico y/o de divulgación,"Rutas de Ciencia, Tecnología e Innovación",Colombia,2018,978-958-5504-14-1,,,Institución Universitaria CESMAG,"MAYERLY ZULAY RUIZ TORRES, MARIA DEL PILAR AGREDA GUERRERO"
00000000009075,False,Otro libro publicado,Violencia y ciudad : Reflexiones universitarias y aportes desde la psicología,Colombia,2018,978-958-5504-10-3,,,Institución Universitaria CESMAG,"ANDREA XIMENA ZUNIGA LOPEZ, MARIA ALEJANDRA CAICEDO BUCHELI, MARIA DEL MAR OSORIO ARIAS, MARIA ALEJANDRA CEBALLOS CASAS"
00000000009075,False,Otro libro publicado,Nuestra Experiencia con el Cáncer,Colombia,2018,978-620-2-12012-8,,,Editorial Académica Española,"CARMEN EUGENIA RENGIFO LOPEZ, MARILUZ CARDOZO DUARTE"
00000000000619,False,Otro libro publicado,Micologia Clinica-Aprendizaje Basado En Resolucion De Problemas,Colombia,2011,978-958-8696-05-8,500,368,Editorial Feriva,FABIOLA EUGENIA GONZALEZ CUELLAR
00000000000619,False,Otro libro publicado,De La Teoria Al Laboratorio De Micología Básica,Colombia,2011,978-958-8696-04-1,1000,84,Editorial Feriva,FABIOLA EUGENIA GONZALEZ CUELLAR
00000000001014,False,Otro libro publicado,Los proyectos de práctica pedagógica investigativa: estructura discursiva,Colombia,2016,978-958-732-211-8,,,Universidad del Cauca,LUIS ALFREDO LOPEZ QUINAYAS
00000000001014,False,Otro libro publicado,Cossos De Paper,Colombia,2010,978-958-44-7815-3,100,98,Rey Graficas Coleccion Literaria Estuario,MARY EDITH MURILLO FERNANDEZ
00000000001014,False,Otro libro publicado,Huésped del Tiempo,Colombia,2004,9681263,500,80,Rey Gráficas,MARY EDITH MURILLO FERNANDEZ
00000000008150,False,Otro libro publicado,"Desnudez Antigua, La",Colombia,2002,958-655-559-3,,78,Editorial Universidad de Antioquia,TIANXIN CAI
00000000020815,False,Libro pedagógico y/o de divulgación,Cartilla Educativa Formación de Promotores en Salud Comunitaria,Colombia,2018,978-958-58481-4-6,,,Fundación InnovaGen,"DIANA MARCELA TORRES CUELLAR, HAROLD JOFRE BOLANOS BRAVO, CARLOS HERNAN SIERRA TORRES, YEIMY BIBIANA DIAZ TENORIO, MARIA VIRGINIA LONDONO CABEZAS"
00000000003369,False,Otro libro publicado,Manual popular de plantas medicinales de las Costa Atlantica de Honduras.,Honduras,1995,,,52,Litografía López,"SONIA LAGOS WITTE, J GUARDADO"
00000000000095,False,Otro libro publicado,Xenophobia And Islamophobia In Europe,Colombia,2013,978-958-46-2855-8,500,290,PRINART,"MARIO FRANCISCO DELGADO NOGUERA, GONZALO BUENAHORA DURAN"
00000000000095,False,Libro pedagógico y/o de divulgación,Fundamentación científica y hablilidades clinicas en la Formación del médico general,Colombia,2008,978-958-9451-73-1,,,Taller Editorial Universidad Del Cauca,ALVARO IVAN NARVAEZ GOMEZ
00000000000095,False,Otro libro publicado,Recorriendo Los Caminos De La Bota Caucana Y El Macizo Colombiano,Colombia,2007,978-958-44-2969-8,1,76,Fundación espacio abierto,"CAROLINA DEL CAIRO SILVA, ASTRID LORENA PERAFAN LEDEZMA"
00000000004806,False,Otro libro publicado,Gestión de la seguridad en el desarrollo de software,Colombia,2019,978-958-56791-3-9,,,Sello editorial Unicomfacauca,JUAN PABLO MARTINEZ PULIDO
00000000003369,False,Libro pedagógico y/o de divulgación,Contribución de la Red Latinoamericana de Botánica a de la Estrategia Global para la Conservación de las Especies Vegetales hacia el logro de las Metas 13 y 15,Colombia,2011,978-956-9073-01-04,0,132,Rlb,SONIA LAGOS WITTE
00000000003369,False,Libro pedagógico y/o de divulgación,"Manual Para La Implementación De La ¿Estrategia Global Para La Conservación De Las Especies Vegetales¿ (Egcev) En América Latina: El Aporte De La Red Latinoamericana De Botánica Al Objetivo 1, Meta 2",Chile,2011,9789569073007,0,56,Rlb,SONIA LAGOS WITTE
00000000003369,False,Otro libro publicado,"Plantas tóxicas, Cuidados Intensivos en el paciente intoxicado. Tópicos innovadores en Medicina Critica",México,2011,234-876-45,0,345,Editorial Prado,ABIGAIL AGUILAR CONTRERAS
00000000003369,False,Otro libro publicado,Miguel Ángel Martínez Alfaro y la Etnobotánica de la segunda mitad del siglo XX.,México,2009,345-23-45-000,0,234,Eds. Juan Pablos,ABIGAIL AGUILAR CONTRERAS
00000000003369,False,Otro libro publicado,"Sistemas Sociales y agroecosistemas - Material de apoyo III semestre, licenciatura en etnoeducación",Colombia,1995,s/n,,210,Universidad del Cauca,"MIRYAM AMPARO ESPINOSA, OLGA LUCIA SANABRIA DIAGO, ERNESTO HERNANDEZ BERNAL"
00000000008150,False,Libro pedagógico y/o de divulgación,Resolución de Problemas: un medio para la formación matemática,Colombia,2018,978-958-8958-70-5,,,Editorial Universidad De Nariño,"CATALINA MARIA RUA ALVAREZ, JOHN HERMES CASTILLO GOMEZ"
00000000003369,False,Otro libro publicado,Ethnobotany and Sustainable Uses of Wild Plant Resources,Honduras,1995,1-85383-697-4,0,63,Litografía López,SONIA LAGOS WITTE
00000000004638,False,Libro pedagógico y/o de divulgación,Analysis Of Dietary Sugars In Beverages By Gas Chromatography,Inglaterra,2012,1849733708,0,229,The Royal Society of Chemistry,FRANCISCO JAVIER MORENO ANDUJAR
00000000004638,False,Libro pedagógico y/o de divulgación,Onion Consumption And Health,Estados Unidos,2012,9781621008361,0,193,NOVA Science Publishers Inc.,MARIA DEL MAR VILLAMIEL GUERRA
00000000004638,False,Otro libro publicado,Handbook Of Dairy Foods Analysis: Carbohydrates,Estados Unidos,2010,978-1-4200-4631-1,0,29,CRC Press New York,AGUSTIN OLANO VILLEN
00000000004638,False,Libro pedagógico y/o de divulgación,"Manual de Procedimientos de Operación, mantenimiento y seguridad de los equipos de los laboratorios de docencia del Departamento de Química",Colombia,2005,,3,1,Universidad del Cauca,"MAITE DEL PILAR RADA MENDOZA, JENNY RUBY CASTILLO, HEBER ORLANDO VERGARA VERGARA, GIOVANNY VIVAS, CLAUDIA XIMENA MARTINEZ"
00000000001014,False,Otro libro publicado,Ciudad sin Nombre,Colombia,2003,ISSN-01211080,300,60,Ediciones Embalaje,MARY EDITH MURILLO FERNANDEZ
00000000000668,False,Otro libro publicado,Recorriendo Los Caminos De La Bota Caucana Y El Macizo Colombiano,Colombia,2007,978-958-44-2969-8,1,76,Fundación espacio abierto,"CAROLINA DEL CAIRO SILVA, ASTRID LORENA PERAFAN LEDEZMA"
00000000002153,False,Otro libro publicado,Simulacion De Sistemas De Telecomunicaciones,Colombia,2007,978-958-44-2583-6,300,150,"Padilla Bejarano, Ferney",EVELIO ASTAIZA HOYOS
00000000004639,False,Otro libro publicado,"Inteligencia creadora, ludismo y motricidad",Colombia,2006,978-958-9451-20-5,1,243,En-acción / Unicauca,EUGENIA TRIGO AZA
00000000004639,False,Libro pedagógico y/o de divulgación,"Mudanzas, Horizontes Desde La Motricidad",Colombia,2006,958-9451-03-9,0,235,unicauca,EUGENIA TRIGO AZA
00000000004639,False,Otro libro publicado,"EMBARAZO, PARTO Y ESTIMULACION",Colombia,2002,,1,136,Universidad del Cauca,"CLARA INES CORDOBA LLANOS, NANCY JANETH MOLANO TOBAR"
00000000003965,False,Otro libro publicado,Pasos para alcanzar la acreditación de los ensayos en un laboratorio,Colombia,2014,978-958-732-155-5,,,Editorial Universidad Del Cauca,"HECTOR SAMUEL VILLADA CASTILLO, ALCY RENE CERON MOSQUERA, ELSA SUSANA CAJIAO BUITRON"
00000000003965,False,Otro libro publicado,Introducción A La Fermentación De Sustrato Sólido,Colombia,2010,9789587320572,200,103,Taller Editorial Universidad Del Cauca,"SILVIO ANDRES MOSQUERA SANCHEZ, JOSE LUIS HOYOS CONCHA, JESUS EDUARDO BRAVO GOMEZ"
00000000003965,False,Otro libro publicado,Metodología para la localización y distribución de instalaciones en una planta de alimentos: estudio de caso,Colombia,2010,978-958-732-052-7,200,168,Ediorial Universidad Del Cauca,"SILVIO ANDRES MOSQUERA SANCHEZ, JOSE FERNANDO GRASS, JOSE LUIS DAZA SALMANCA"
00000000003965,False,Otro libro publicado,La termodinámica en la Agroindustria,Colombia,2005,,,1,Universidad del Cauca,"SILVIO ANDRES MOSQUERA SANCHEZ, JOSE FERNANDO GRASS, DEYANIRA MUNOZ"
00000000005833,False,Otro libro publicado,Fundamentos de Dibujo de Ingeniería con Solidworks,Colombia,2019,978-958-56791-2-2,,,Sello editorial Unicomfacauca,JULIO EDUARDO MEJIA MANZANO
00000000002153,False,Otro libro publicado,Tecnologias Emergentes en Redes y servicios Telematicos,Colombia,2002,,1,300,Editorial Universidad Del Cauca,EDGARD CASTILLO ERASSOUR
00000000004639,False,Otro libro publicado,"La formación doctoral en América Latina ¿más de lo mismo?, ¿una cuestión pendiente?",Colombia,2009,978-1-4092-9810-6,1,134,IISABER,EUGENIA TRIGO AZA
00000000008156,False,Libro pedagógico y/o de divulgación,Manual de costos prestacionales en el sector de la construcción,Colombia,2018,978-958-732-327-6,,,Editorial Universidad Del Cauca,LUIS ILDEMAR BOLANOS ANDRADE
00000000008156,False,Libro pedagógico y/o de divulgación,FORMULACION Y EVALUACION DE PROYECTOS VIALES Y DE TRANSPORTE (Publicación propia),Colombia,2005,0000000000,100,400,Editorial De La Universidad Del Cauca,CARLOS ALBERTO ARBOLEDA VELEZ
00000000008156,False,Libro pedagógico y/o de divulgación,Manual de Administración del mantenimiento Vial,Colombia,1998,,1,175,Universidad del Cauca,ARY FERNANDO BUSTAMANTE MUNOZ
00000000002141,False,Otro libro publicado,"Biologia Molecular, Genomica Y Post-Genomica",Colombia,2009,978-958-9451-36-6,0,286,Editorial Universidad Del Cauca,PATRICIA EUGENIA VELEZ VARELA
00000000002141,False,Libro pedagógico y/o de divulgación,"Manual de Procedimientos de Operación, mantenimiento y seguridad de los equipos de los laboratorios de docencia del Departamento de Química",Colombia,2005,,3,1,Universidad del Cauca,"MAITE DEL PILAR RADA MENDOZA, JENNY RUBY CASTILLO, HEBER ORLANDO VERGARA VERGARA, GIOVANNY VIVAS, CLAUDIA XIMENA MARTINEZ"
00000000014080,False,Libro pedagógico y/o de divulgación,Diseño e Implementación de Bases de Datos desde una Perspectiva Práctica,Colombia,2014,PENDIENTE,,,No Aplica,"SANDRA MILENA ROA MARTINEZ, MARITZA FERNANDA MERA GAONA"
00000000000694,False,Libro pedagógico y/o de divulgación,Circuitos Eléctricos,Colombia,2002,,1,1,Universidad del Cauca,JUAN MARTIN VELASCO MOSQUERA
00000000000668,False,Otro libro publicado,Invencion de Lucía,Colombia,2009,978-958-44-5830-8,1000,86,Tertulia Literaria de Gloria Luz Gutierrez,ANDREA PANTOJA BARCO
00000000000668,False,Otro libro publicado,Epidemiología Para No Epidemiologos,Colombia,2009,978-958-98285-9-5,1,300,Da vinci Editores & cia en C.,"BEATRIZ EUGENIA ALVARADO LLANO, GABRIEL OSORNO, JAIRO OSORNO"
00000000004639,False,Libro pedagógico y/o de divulgación,Algunas Miradas Sobre El Cuerpo,Colombia,2007,978-958-945140-3,0,101,En-acción / Unicauca,EUGENIA TRIGO AZA
00000000004639,False,Otro libro publicado,"EL BUEN VIVIR, CONSTRUYE VIDA EN TU HABITAT.",Colombia,2009,978-958-9187-91-3,1,112,IMPRESION FERIVA S.A,GUILLERMO ROJAS QUICENO
00000000020815,False,Libro pedagógico y/o de divulgación,Ambientalmente saludable,Colombia,2016,978-958-58481-2-2,,,Fundación InnovaGen,"HAROLD JOFRE BOLANOS BRAVO, DIANA MARCELA TORRES CUELLAR, CARLOS HERNAN SIERRA TORRES, YEIMY BIBIANA DIAZ TENORIO, MARIA VIRGINIA LONDONO CABEZAS"
00000000003212,False,Otro libro publicado,Kusrennopelai Wamtsi Gramática Pedagógica De La Lengua Namtrik Para Maestros Misak,Colombia,2011,958-732-091-3,1,171,Editorial De La Universidad Del Cauca,"LILIA TRIVINO GARZON, BARBARA MUELAS"
00000000020815,False,Libro pedagógico y/o de divulgación,Rotafolio Educativo en Salud Sexual y Reproductiva,Colombia,2016,978-958-58481-3-9,,,Fundación InnovaGen,"YEXANIA YUTRY ARBOLEDA MORENO, HAROLD JOFRE BOLANOS BRAVO, CARLOS HERNAN SIERRA TORRES, DIANA MARCELA TORRES CUELLAR, MARIA VIRGINIA LONDONO CABEZAS, YEIMY BIBIANA DIAZ TENORIO"
00000000020815,False,Libro pedagógico y/o de divulgación,Regálale tiempo a tu vida: Programa Integral para la Prevención de Cáncer de Cuello Uterino,Colombia,2014,978-958-58481-1-5,,,Fundación InnovaGen,"YEXANIA YUTRY ARBOLEDA MORENO, CARLOS HERNAN SIERRA TORRES, HAROLD JOFRE BOLANOS BRAVO, DIANA MARCELA TORRES CUELLAR, YEIMY BIBIANA DIAZ TENORIO"
00000000020815,False,Libro pedagógico y/o de divulgación,Agua: fuente de salud y vida,Colombia,2014,978-958-58481-0-8,,,Fundación InnovaGen,"DIANA MARCELA TORRES CUELLAR, HAROLD JOFRE BOLANOS BRAVO, CARLOS HERNAN SIERRA TORRES, MARIA VIRGINIA LONDONO CABEZAS, YEIMY BIBIANA DIAZ TENORIO, ANGELICA ALEJANDRA DOMINGUEZ ACOSTA"
00000000008151,False,Libro pedagógico y/o de divulgación,Lecciones de Optica de Fourier Fraccional,Colombia,2004,,,1,No Aplica,PIERRE PELLAT FINET
00000000008155,False,Otro libro publicado,Efecto del método de síntesis sobre las propiedades mecánicas del ZrO2,Alemania,2015,978-3659066177,,,Editorial Académica Española,"JORGE ENRIQUE RODRIGUEZ PAEZ, DIEGO ANDRES CAMPO CEBALLOS"
00000000008155,False,Otro libro publicado,Síntesis de óxidos de interés industrial,Colombia,2013,9-789584-623119,100,300,SAMAVA,JORGE ENRIQUE RODRIGUEZ PAEZ
00000000008155,False,Otro libro publicado,Beta alúmina como conductor iónico,Alemania,2012,978-3-659-03945,,,Editorial Académica Española,JORGE ENRIQUE RODRIGUEZ PAEZ
00000000008155,False,Otro libro publicado,Uso Racional De Las Arcillas: Porcelana Eléctrica,Alemania,2012,978-3-8484-7012-9,1,123,Editorial Académica Española,JORGE ENRIQUE RODRIGUEZ PAEZ
00000000003212,False,Libro pedagógico y/o de divulgación,GUÍA DE USO DEL ¿LÉXICO DE LA LENGUA NAM TRIK DE TOTORÓ¿,Colombia,2013,978-958-57839-0-4,,,Editorial Cabildo de la parcialidad indígena de Totoró,"GENY KATERINE GONZALES CASTANO, ESTEBAN DIAZ MONTENEGRO, TULIO ENRIQUE ROJAS CURIEUX"
00000000003212,False,Otro libro publicado,"Estudios Sociolingüísticos de los pueblos Mojeño Trinitario, Mojeño Ignaciano, Tsimane', Cavineño, Esse Ejja, Weenhayek, Yuracaré, Gwarayo.",Bolivia,2012,8-1-163-12 P.O.,,,Universidad Autónoma Gabriel René Moreno,TULIO ENRIQUE ROJAS CURIEUX
00000000003212,False,Otro libro publicado,"Esbozos gramaticales de las lenguas Guaraní, Gwarayu, Bésiro y Mojeño Ignaciano",Bolivia,2012,8-1-160-11P.O.,,,Universidad Gabriel René Moreno,TULIO ENRIQUE ROJAS CURIEUX
00000000003212,False,Otro libro publicado,Vikaejaruka Eta Ajurekana. Léxico de la lengua Mojeña Ignaciana,Bolivia,2011,81157711,1,85,Editorial Universidad Autónom Gabriel René Moreno,TULIO ENRIQUE ROJAS CURIEUX
00000000004639,False,Otro libro publicado,"Motricidad Humana, Una Mirada Retrospectiva",España,2010,978-1-4452-2249-3,1,128,Instituto Internacional del Saber,EUGENIA TRIGO AZA
00000000003212,False,Otro libro publicado,Mantiyakaka aukí Bésɨro. Léxico de la lenguas Bésɨro.,Bolivia,2011,8116011,1,1,Editorial Universidad Autónom Gabriel René Moreno,TULIO ENRIQUE ROJAS CURIEUX
00000000003212,False,Otro libro publicado,Tamaraereta - Léxico de la lengua Guaraní,Bolivia,2011,8-1-160-11-P.O.,,,No Aplica,TULIO ENRIQUE ROJAS CURIEUX
00000000003212,False,Otro libro publicado,Yañe'ë gwarayu ñe'ë p+pe - Léxco de la lengua Gwaray,Bolivia,2011,8-1-1577-11-P.O.,,,No Aplica,TULIO ENRIQUE ROJAS CURIEUX
00000000003212,False,Otro libro publicado,"Inflexión decolonial. Fuentes, conceptos y cuestionamientos",Colombia,2010,958-732-067-1,,,Editorial Universidad Del Cauca,"AXEL ALEJANDRO ROJAS MARTINEZ, EDUARDO RESTREPO"
00000000003212,False,Otro libro publicado,Las Lenguas Y Su Estudio,Colombia,2007,978-958-9451-24-3,1,129,Ediorial Universidad Del Cauca,"LILIA TRIVINO GARZON, ROSA ALICIA ESCOBAR"
00000000003212,False,Otro libro publicado,Procesos de comunicacion,Colombia,2005,9788484298908,500,130,Taller Editorial Universidad Del Cauca,MARISOL OROZCO ALVAREZ
00000000003212,False,Otro libro publicado,En La Reflexión Sobre Lo Oral Y Lo Escrito: Educación Escolar Y Práctica En Pueblos Indígenas,Colombia,2005,9589475906,1,42,Editorial Universidad Del Cauca,TULIO ENRIQUE ROJAS CURIEUX
00000000004639,False,Otro libro publicado,Evaluación de la calidad y el aprendizaje en organizaciones y sujetos,Colombia,2017,978-1-945570-30-8,,,"REDIPE, UNIVERSIDAD SAN BUENAVENTURA",ROBINSON MENESES LLANOS
00000000004639,False,Otro libro publicado,Historias Motricias. Trasegando El Sentido De Vida,Colombia,2014,978-1-291-88302-2,,,IISABER,EUGENIA TRIGO AZA
00000000004639,False,Otro libro publicado,Ciencia e investigación encarnada,Colombia,2011,978-4709-8358-1,1,148,IISABER,EUGENIA TRIGO AZA
00000000004639,False,Otro libro publicado,Manual de Semiologia Deportiva e Infiltraciones en Miembro Superior,Colombia,2010,987-958-732034-3,100,124,Editorial De La Universidad Del Cauca,CLARA INES CORDOBA LLANOS
00000000004639,False,Otro libro publicado,"Motricidad Humana: política, teoría y vivencias",Colombia,2010,978-1-4452-7652-7654,1,120,IISABER,"EUGENIA TRIGO AZA, HARVEY MONTOYA"
00000000007141,False,Libro pedagógico y/o de divulgación,Emancipacion Y Tragedia En La Filosofia De La Educación,México,2008,9789707227590,500,337,Fondo Editorial Universidad Pedagogica Nacional,LUIS EDUARDO PRIMERO RIVAS
