idcvlac,autores,nombre,tipo,verificado,lugar,revista,issn,editorial,volumen,fasciculo,paginas,fecha,doi,palabras,sectores
0000013021,JUAN CARLOS CORRALES MUNOZ,Modelo para evaluar sistemas de recuperación de procesos de negocio,Producción bibliográfica - Artículo - Publicado en revista especializada,True,Colombia,Revista De Investigaciones,0121-067X,Universidad Catolica De Manizales,17,N/A ,65 - 76,2011 ,,,
0000013021,JUAN CARLOS CORRALES MUNOZ,RECUPERACIÓN DE SERVICIOS WEB BASADA EN PROPIEDADES NO FUNCIONALES,Producción bibliográfica - Artículo - Publicado en revista especializada,True,Colombia,Tecnura,0123-921X,Editorial UD (Editorial Universidad Distrital Francisco José de Caldas),16,33 ,100 - 116,2012 ,,,
0000013021,"JUAN CARLOS CORRALES MUNOZ, LEANDRO ORDONEZ ANTE",Estimación de la similitud semántica de tareas entre procesos de negocio de telecomunicaciones,Producción bibliográfica - Artículo - Publicado en revista especializada,True,Colombia,Ingeniería Y Ciencia,1794-9165,FONDO EDITORIAL UNIVERSIDAD EAFIT,8,15 ,65 - 95,2012 ,,,
0000013021,"JUAN CARLOS CORRALES MUNOZ, CRISTHIAN NICOLAS FIGUEROA MARTINEZ",Business process retrieval based on behavioral semantics,Producción bibliográfica - Artículo - Publicado en revista especializada,True,Colombia,Revista Eia,1794-1237,ESCUELA DE INGENIERÍA DE ANTIOQUIA,17,N/A ,105 - 120,2012 ,,,
0000013021,"JUAN CARLOS CORRALES MUNOZ, DAVID CAMILO CORRALES MUNOZ",Towards Detecting Crop Diseases and Pest by Supervised Learning,Producción bibliográfica - Artículo - Publicado en revista especializada,True,Colombia,Ingenieria y Universidad,0123-2126,Pontificia Universidad Javeriana,19,1 ,207 - 228,2015 ,10.11144/Javeriana.iyu19-1.tdcd,,
0000013021,JUAN CARLOS CORRALES MUNOZ,A multi level approach for business process retrieval,Producción bibliográfica - Artículo - Publicado en revista especializada,True,Colombia,Revista Ingenierías Universidad De Medellín,1692-3324,UNIVERSIDAD DE MEDELLIN,14,26 ,177 - 189,2015 ,10.22395/RIUM.V14N26A11,,
0000013021,"JUAN CARLOS CORRALES MUNOZ, EMMANUEL GERARDO LASSO SAMBONY",Graph Patterns as Representation of Rules Extracted from Decision Trees for Coffee Rust Detection,Producción bibliográfica - Artículo - Publicado en revista especializada,True,Colombia,Communications in Computer and Information Science,1865-0929,Springer-Verlag London Ltd.,544,N/A ,405 - 414,2015 ,10.1007/978-3-319-24129-6_35,,
0000013021,JUAN CARLOS CORRALES MUNOZ,Building a Nasa Yuwe Language Test Collection,Producción bibliográfica - Artículo - Publicado en revista especializada,True,Alemania,Lecture Notes in Computer Science,0302-9743,Springer-Verlag London Ltd.,9041,N/A ,112 - 123,2015 ,10.1007/978-3-319-18111-0_9,,
0000013021,JUAN CARLOS CORRALES MUNOZ,Aproximación a un modelo de aprovisionamiento de servicios convergentes,Producción bibliográfica - Artículo - Publicado en revista especializada,True,Colombia,Revista Ingenierías Universidad De Medellín,1692-3324,UNIVERSIDAD DE MEDELLIN,13,25 ,207 - 225,2014 ,,,
0000013021,"JUAN CARLOS CORRALES MUNOZ, DAVID CAMILO CORRALES MUNOZ",Water quality warnings based on cluster analysis in Colombian river basins,Producción bibliográfica - Artículo - Publicado en revista especializada,True,Colombia,Sistemas & Telemática,1692-5238,Universidad Icesi,13,33 ,9 - 26,2015 ,10.18046/syt.v13i33.2077,,
0000013021,JUAN CARLOS CORRALES MUNOZ,Dynamic Reconfiguration of Composite Convergent Services Supported by Multimodal Search,Producción bibliográfica - Artículo - Publicado en revista especializada,True,Alemania,Lecture Notes in Business Information Processing,1865-1348,Springer-Verlag London Ltd.,208,N/A ,127 - 139,2015 ,10.1007/978-3-319-19027-3_11,,
0000013021,"JUAN CARLOS CORRALES MUNOZ, DAVID CAMILO CORRALES MUNOZ",An Empirical Multi-classifier for Coffee Rust Detection in Colombian Crops,Producción bibliográfica - Artículo - Publicado en revista especializada,True,Colombia,Lecture Notes in Computer Science,0302-9743,Springer-Verlag London Ltd.,9155,N/A ,60 - 74,2015 ,10.1007/978-3-319-21404-7_5,,
0000013021,JUAN CARLOS CORRALES MUNOZ,Automatic Monitoring of Converged Services on a Telco 2.0 Environment based on QoS Constraints,Producción bibliográfica - Artículo - Publicado en revista especializada,True,Colombia,Ingenieria y Universidad,0123-2126,Pontificia Universidad Javeriana,19,2 ,369 - 389,2015 ,10.11144/Javeriana.iyu19-2.amoc,,
0000013021,JUAN CARLOS CORRALES MUNOZ,Challenges of SOA adoption in the Telco domain for Latin American researchers,Producción bibliográfica - Artículo - Publicado en revista especializada,True,Colombia,Revista Facultad De Ingeniería,0121-1129,Universidad Pedagógica y Tecnológica de Colombia,24,39 ,9 - 19,2015 ,,,
0000013021,JUAN CARLOS CORRALES MUNOZ,Towards automated composition of convergent services: A survey,Producción bibliográfica - Artículo - Publicado en revista especializada,True,Estados Unidos,Computer Communications,0140-3664,Elsevier Science Bv,69,N/A ,1 - 21,2015 ,doi:10.1016/j.comcom.2015.07.025,,
0000013021,"JUAN CARLOS CORRALES MUNOZ, DAVID CAMILO CORRALES MUNOZ",Early warning system for coffee rust disease based on error correcting output codes: a proposal,Producción bibliográfica - Artículo - Publicado en revista especializada,True,Colombia,Revista Ingenierías Universidad De Medellín,1692-3324,UNIVERSIDAD DE MEDELLIN,13,25 ,57 - 64,2014 ,,,
0000013021,"JUAN CARLOS CORRALES MUNOZ, DAVID CAMILO CORRALES MUNOZ",A Conceptual Framework for Data Quality in Knowledge Discovery Tasks (FDQ-KDT): A Proposal,Producción bibliográfica - Artículo - Publicado en revista especializada,False,Colombia,Journal of Computers,1796-203X,Estonian Academy Publishers,10,6 ,396 - 405,2015 ,10.17706/jcp.10.6.396-405,,
0000013021,JUAN CARLOS CORRALES MUNOZ,Business Processes Retrieval Based on Multimodal Search and Lingo Clustering Algorithm,Producción bibliográfica - Artículo - Publicado en revista especializada,True,Brasil,IEEE Latin America Transactions,1548-0992,Institute of Electrical and Electronics Engineers,13,3 ,769 - 776,2015 ,10.1109/TLA.2015.7069103,,
0000013021,JUAN CARLOS CORRALES MUNOZ,HACIA UN METAMODELO PARA LA GESTIÓN AMBIENTAL DE LOS RECURSOS HIDROLÓGICOS,Producción bibliográfica - Artículo - Publicado en revista especializada,True,Colombia,Lámpsakos,2145-4086,Fundación Universitaria Luis Amigó,12,,92 - 100,2014 ,,,
0000013021,"JUAN CARLOS CORRALES MUNOZ, CARLOS ALBERTO COBOS LOZADA",Continuous Optimization Based on a Hybridization of Differential Evolution with K-means,Producción bibliográfica - Artículo - Publicado en revista especializada,True,Estados Unidos,Lecture Notes in Computer Science,0302-9743,Springer-Verlag London Ltd.,8864,,381 - 392,2014 ,10.1007/978-3-319-12027-0_31,,
0000013021,JUAN CARLOS CORRALES MUNOZ,A topic modeling approach for web service annotation,Producción bibliográfica - Artículo - Publicado en revista especializada,True,Colombia,Revista Ingenierías Universidad De Medellín,1692-3324,UNIVERSIDAD DE MEDELLIN,13,24 ,149 - 166,2014 ,,,
0000013021,"JUAN CARLOS CORRALES MUNOZ, DAVID CAMILO CORRALES MUNOZ",A new dataset for coffee rust detection in Colombian crops base on classifiers,Producción bibliográfica - Artículo - Publicado en revista especializada,True,Colombia,Sistemas & Telemática,1692-5238,Universidad Icesi,12,29 ,9 - 23,2014 ,,,
0000013021,JUAN CARLOS CORRALES MUNOZ,Adaptación del Algoritmo Genético para la creación de árboles de enrutamiento en una Red de Sensores Inalámbrica,Producción bibliográfica - Artículo - Publicado en revista especializada,True,Colombia,Lámpsakos,2145-4086,Fundación Universitaria Luis Amigó,10,N/A ,34 - 42,2013 ,,,
0000013021,JUAN CARLOS CORRALES MUNOZ,Web and Telco Service Integration: A Dynamic and Adaptable Approach,Producción bibliográfica - Artículo - Publicado en revista especializada,True,Estados Unidos,International Journal of Advanced Computer Science and Applications,2156-5570,Science and Information Organization,5,5 ,132 - 138,2014 ,10.14569/IJACSA.2014.050520,,
0000013021,JUAN CARLOS CORRALES MUNOZ,Implementación de un mecanismo de despliegue automático de servicios convergentes en entornos JSLEE,Producción bibliográfica - Artículo - Publicado en revista especializada,True,Colombia,Sistemas & Telemática,1692-5238,Universidad Icesi,12,28 ,91 - 111,2014 ,,,
0000013021,JUAN CARLOS CORRALES MUNOZ,Análisis del comportamiento contextual del usuario y su relación con el consumo de aplicaciones móviles,Producción bibliográfica - Artículo - Publicado en revista especializada,True,Colombia,Revista Ingenierías Universidad De Medellín,1692-3324,UNIVERSIDAD DE MEDELLIN,13,24 ,167 - 181,2014 ,,,
0000013021,JUAN CARLOS CORRALES MUNOZ,SOA-BASED GUIDELINES FOR VALUE-ADDED SERVICE DEVELOPMENT ON JAIN SLEE ENVIRONMENTS,Producción bibliográfica - Artículo - Publicado en revista especializada,True,Colombia,Revista Ingenierías Universidad De Medellín,1692-3324,UNIVERSIDAD DE MEDELLIN,11,21 ,175 - 184,2012 ,,,
0000013021,JUAN CARLOS CORRALES MUNOZ,Selección heurística de mecanismos de compresión aplicados a mensajes Soap para mejorar el acceso a servicios Web desde redes de baja capacidad,Producción bibliográfica - Artículo - Publicado en revista especializada,True,Colombia,El Hombre Y La Máquina,0121-0777,Programa Editorial Universidad Autonoma de Occidente,2,39 ,65 - 78,2012 ,,,
0000013021,JUAN CARLOS CORRALES MUNOZ,Fully automated resource retrieval in telecommunications and internet converged environments,Producción bibliográfica - Artículo - Publicado en revista especializada,True,Estados Unidos,Information Systems Frontiers,1387-3326,Springer Netherlands,16,1 ,77 - 93,2013 ,10.1007/s10796-013-9457-2,,
0000013021,"JUAN CARLOS CORRALES MUNOZ, JOSE ARMANDO ORDONEZ CORDOBA",Automated context aware composition of Advanced Telecom Services for environmental early warnings,Producción bibliográfica - Artículo - Publicado en revista especializada,True,Estados Unidos,Expert Systems with Applications,0957-4174,Jai-Elsevier Ltd,41,13 ,5907 - 5916,2014 ,10.1016/j.eswa.2014.03.045,,
0000013021,JUAN CARLOS CORRALES MUNOZ,MultiSearchBP: Entorno para búsqueda y agrupación de modelos de procesos de negocio,Producción bibliográfica - Artículo - Publicado en revista especializada,True,México,Polibits,1870-9044,,49,N/A ,29 - 37,2014 ,,,
0000013021,"JUAN CARLOS CORRALES MUNOZ, JOSE ARMANDO ORDONEZ CORDOBA",HAUTO: Automated composition of convergent services based in HTN planning,Producción bibliográfica - Artículo - Publicado en revista especializada,True,Colombia,Ingenieria e Investigacion,0120-5609,Instituto de Estudios Políticos y Relaciones Internacionales de la Universidad Nacional de Colombia,34,1 ,66 - 71,2014 ,,,
0000013021,"JUAN CARLOS CORRALES MUNOZ, DANIELA GRIGORI, MOKRANE BOUZEGHOUB",BPEL Processes Matchmaking for Service Discovery,Producción bibliográfica - Artículo - Publicado en revista especializada,True,Francia,Lecture Notes in Computer Science,0302-9743,Springer-Verlag London Ltd.,4275,,237 - 254,2006 ,,"Web Services, Services retrieval, behavioral matching",Desarrollo de programas (software) y prestación de servicios en informática
0000013021,"JUAN CARLOS CORRALES MUNOZ, JOSE ARMANDO ORDONEZ, CRISTHIAN FIGUEROA, ANDRES GUERRERO, MAURICIO MACA",Distribución de Procesos de Negocios en Sistemas Móviles de Información Basada en un Algoritmo de Colonia de Hormigas - Business Process Distribution in Mobile Information Systems Based in an Ant Colony Algorithm,Producción bibliográfica - Artículo - Publicado en revista especializada,True,Colombia,Avances En Sistemas E Informática,1657-7663,Universidad Nacional De Colombia Sede Medellin,4,1 ,67 - 72,2007 ,,"Sistemas Moviles, Procesos Web, Web Services",Desarrollo de programas (software) y prestación de servicios en informática
0000013021,JUAN CARLOS CORRALES MUNOZ,User-Driven Automatic Resource Retrieval Based on Natural Language Request,Producción bibliográfica - Artículo - Publicado en revista especializada,True,Estados Unidos,Lecture Notes in Computer Science,0302-9743,Springer-Verlag London Ltd.,7337,N/A ,203 - 209,2012 ,10.1007/978-3-642-31178-9_22,,
0000013021,JUAN CARLOS CORRALES MUNOZ,An Automated User-Centered Planning Framework for Decision Support in Environmental Early Warnings,Producción bibliográfica - Artículo - Publicado en revista especializada,True,Estados Unidos,Lecture Notes in Computer Science,0302-9743,Springer-Verlag London Ltd.,7637,N/A ,591 - 600,2012 ,10.1007/978-3-642-34654-5_60,,
0000013021,JUAN CARLOS CORRALES MUNOZ,Semantic enrichment and inference of relationships in an online social network,Producción bibliográfica - Artículo - Publicado en revista especializada,True,Colombia,Ingenieria y Universidad,0123-2126,Pontificia Universidad Javeriana,17,2 ,355 - 373,2013 ,,,
0000013021,"JUAN CARLOS CORRALES MUNOZ, DANIELA GRIGORI, AHMED GATER, MOKRANE BOUZEGHOUB",Ranking BPEL Processes for Service Discovery,Producción bibliográfica - Artículo - Publicado en revista especializada,True,Estados Unidos,IEEE Transactions on Services Computing,1939-1374,IEEE Computer Society Press,3,3 ,178 - 192,2010 ,,"Services retrieval, behavioral matching, Web Services",Desarrollo de programas (software) y prestación de servicios en informática - Desarrollo de programas (software)
0000013021,"JUAN CARLOS CORRALES MUNOZ, OSCAR MAURICIO CAICEDO",Composición de Servicios en Ambientes de Computación Ubicua,Producción bibliográfica - Artículo - Publicado en revista especializada,True,Brasil,Cadernos De Informática,1519-132X,Editora Da Universidade Federal Do Rio Grande Do Sul,6,1 ,203 - 2010,2011 ,,,Desarrollo de programas (software) y prestación de servicios en informática - Desarrollo de programas (software)
0000013021,JUAN CARLOS CORRALES MUNOZ,Mobflow: movilidad para los procesos de negocio de la organización,Producción bibliográfica - Artículo - Publicado en revista especializada,True,Colombia,Revista Ingenierías Universidad De Medellín,1692-3324,UNIVERSIDAD DE MEDELLIN,10,18 ,107 - 116,2011 ,,,
0000013021,"JUAN CARLOS CORRALES MUNOZ, LUIS JAVIER SUAREZ MEZA","Plataforma de descubrimiento de servicios para ambientes de computación ubicua basada en preferencias de usuario, especificaciones de dispositivos y contexto de entrega",Producción bibliográfica - Artículo - Publicado en revista especializada,True,Colombia,Ingenieria y Universidad,0123-2126,Pontificia Universidad Javeriana,13,1 ,10 - 20,2011 ,,,
0000013021,"JUAN CARLOS CORRALES MUNOZ, LUIS JAVIER SUAREZ MEZA, OSCAR MAURICIO CAICEDO RENDON",Be4SeD: Benchmarking para evaluación de técnicas de descubrimiento de servicios,Producción bibliográfica - Artículo - Publicado en revista especializada,True,Colombia,Ingeniería Y Competitividad,0123-3033,Facultad De Ingenieria Universidad Del Valle,13,1 ,61 - 75,2011 ,,,
0000013021,"JUAN CARLOS CORRALES MUNOZ, LUIS JAVIER SUAREZ MEZA, OSCAR MAURICIO CAICEDO RENDON",Plataforma para descubrimiento de servicios en ambientes ubicuos,Producción bibliográfica - Artículo - Publicado en revista especializada,True,Colombia,Revista Facultad de Ingenieria,0120-6230,Editorial Universidad de Antioquia,58,N/A ,227 - 237,2011 ,,,
0000013021,"JUAN CARLOS CORRALES MUNOZ, DAVID CAMILO CORRALES MUNOZ, EMMANUEL GERARDO LASSO SAMBONY",Data Processing for a Water Quality Detection System on Colombian Rio Piedras Basin,Producción bibliográfica - Artículo - Publicado en revista especializada,True,Suiza,Lecture Notes in Computer Science,0302-9743,Springer-Verlag London Ltd.,9789,N/A ,665 - 683,2016 ,10.1007/978-3-319-42089-9_47,,
0000013021,JUAN CARLOS CORRALES MUNOZ,Remote Sensing for Agricultural Crops Based on a Low Cost Quadcopter,Producción bibliográfica - Artículo - Publicado en revista especializada,True,Colombia,Sistemas & Telemática,1692-5238,Universidad Icesi,13,34 ,49 - 63,2015 ,10.18046/syt.v13i34.2092,,
0000013021,JUAN CARLOS CORRALES MUNOZ,Adaptación de una metaheurística evolutiva para generar árboles enrutadores en una red de sensores inalámbricos del contexto de la agricultura de precisión,Producción bibliográfica - Artículo - Publicado en revista especializada,True,Colombia,Revista Ingenierías Universidad De Medellín,1692-3324,UNIVERSIDAD DE MEDELLIN,15,29 ,63 - 79,2016 ,10.22395/rium.v15n29a4,,
0000013021,JUAN CARLOS CORRALES MUNOZ,Improving business process retrieval using categorization and multimodal search,Producción bibliográfica - Artículo - Publicado en revista especializada,True,Países Bajos,Knowledge-Based Systems,0950-7051,Elsevier Science,110,N/A ,49 - 59,2016 ,10.1016/j.knosys.2016.07.014,,
0000013021,"JUAN CARLOS CORRALES MUNOZ, DAVID CAMILO CORRALES MUNOZ",A systematic review of data quality issues in knowledge discovery tasks,Producción bibliográfica - Artículo - Publicado en revista especializada,True,Colombia,Revista Ingenierías Universidad De Medellín,1692-3324,UNIVERSIDAD DE MEDELLIN,15,28 ,125 - 150,2016 ,10.22395/rium.v15n28a7,,
0000013021,"JUAN CARLOS CORRALES MUNOZ, JUAN SEBASTIAN ROJAS MELENDEZ, ALVARO RENDON GALLON",Smart User Consumption Profiling: Incremental Learning-Based OTT Service Degradation,Producción bibliográfica - Artículo - Publicado en revista especializada,True,Estados Unidos,IEEE Access,2169-3536,Ieee Inst Electrical Electronics Engineers Inc,8,N/A ,207426 - 207442,2020 ,10.1109/ACCESS.2020.3037971,,
0000013021,"JUAN CARLOS CORRALES MUNOZ, APOLINAR FIGUEROA, CARLOS FELIPE RENGIFO RODAS, CRISTIAN MENDEZ RODRIGUEZ",Systematic review of Energy Efficiency (E.E.). Basis for an alternative vision of E.E. in Colombia,Producción bibliográfica - Artículo - Publicado en revista especializada,True,Colombia,Scientia Et Technica,0122-1701,Editorial Universidad Tecnológica de Pereira,25,2 ,329 - 336,2020 ,10.22517/23447214.24449,,
0000013021,"JUAN CARLOS CORRALES MUNOZ, DAVID CAMILO CORRALES MUNOZ, JHONN PABLO RODRIGUEZ MUNOZ",A computer vision system for automatic cherry beans detection on coffee trees,Producción bibliográfica - Artículo - Publicado en revista especializada,True,,Pattern Recognition Letters,0167-8655,Elsevier Science Bv,136,N/A ,142 - 153,2020 ,10.1016/j.patrec.2020.05.034,,
0000013021,"JUAN CARLOS CORRALES MUNOZ, APOLINAR FIGUEROA, IVAN DARIO LOPEZ GOMEZ",Multi-Dimensional Data Preparation: A Process to Support Vulnerability Analysis and Climate Change Adaptation,Producción bibliográfica - Artículo - Publicado en revista especializada,True,Estados Unidos,IEEE Access,2169-3536,Ieee Inst Electrical Electronics Engineers Inc,8,N/A ,87228 - 87242,2020 ,10.1109/ACCESS.2020.2992255,,
0000013021,"JUAN CARLOS CORRALES MUNOZ, ALVARO RENDON GALLON, JUAN SEBASTIAN ROJAS MELENDEZ",Consumption Behavior Analysis of Over the Top Services: Incremental Learning or Traditional Methods?,Producción bibliográfica - Artículo - Publicado en revista especializada,True,Estados Unidos,IEEE Access,2169-3536,Ieee Inst Electrical Electronics Engineers Inc,7,N/A ,136581 - 136591,2019 ,10.1109/ACCESS.2019.2942782,,
0000013021,"JUAN CARLOS CORRALES MUNOZ, DAVID CAMILO CORRALES MUNOZ, EDWAR JAVIER GIRON BUITRON",Rule-based expert system for detection of coffee rust warnings in colombian crops,Producción bibliográfica - Artículo - Publicado en revista especializada,True,Estados Unidos,Journal Of Intelligent '&' Fuzzy Systems,1064-1246,IOS Press,36,5 ,4765 - 4775,2019 ,10.3233/JIFS-179025,,
0000013021,"JUAN CARLOS CORRALES MUNOZ, CARLOS ALBERTO COBOS LOZADA, LUZ MARINA SIERRA MARTINEZ",Sistema de Recuperación de Información para Apoyar la Revitalización del Nasa Yuwe,Producción bibliográfica - Artículo - Publicado en revista especializada,True,Portugal,RISTI - Revista Iberica de Sistemas e Tecnologias de Informacao,1646-9895,Associacao Iberica de Sistemas e Tecnologias de Informacao (AISTI),17,N/A ,407 - 422,2019 ,,,
0000013021,"JULIAN EDUARDO PLAZAS PEMBERTHY, JUAN CARLOS CORRALES MUNOZ",A Conceptual Data Model and Its Automatic Implementation for IoT-Based Business Intelligence Applications,Producción bibliográfica - Artículo - Publicado en revista especializada,True,Estados Unidos,IEEE Internet of Things Journal,2327-4662,Ieee Inst Electrical Electronics Engineers Inc,7,10 ,10719 - 10732,2020 ,10.1109/JIOT.2020.3016608,,
0000013021,"DAVID CAMILO CORRALES MUNOZ, JUAN CARLOS CORRALES MUNOZ",A case-based reasoning system for recommendation of data cleaning algorithms in classification and regression tasks,Producción bibliográfica - Artículo - Publicado en revista especializada,True,Países Bajos,Applied Soft Computing,1568-4946,Elsevier Science Bv,90,N/A ,1 - 12,2020 ,10.1016/j.asoc.2020.106180,,
0000013021,"JUAN CARLOS CORRALES MUNOZ, EMMANUEL GERARDO LASSO SAMBONY, DAVID CAMILO CORRALES MUNOZ",Discovering weather periods and crop properties favorable for coffee rust incidence from feature selection approaches,Producción bibliográfica - Artículo - Publicado en revista especializada,True,Países Bajos,Computers and Electronics in Agriculture,0168-1699,Elsevier Bv,176,N/A ,1 - 11,2020 ,10.1016/j.compag.2020.105640,,
0000013021,"JUAN CARLOS CORRALES MUNOZ, APOLINAR FIGUEROA, CARLOS FELIPE RENGIFO RODAS, CRISTIAN MENDEZ RODRIGUEZ",A multi-criteria approach for comparison of environmental assessment methods in the analysis of the energy efficiency in agricultural production systems,Producción bibliográfica - Artículo - Publicado en revista especializada,True,Reino Unido,Journal of Cleaner Production,0959-6526,Elsevier Bv,228,N/A ,1464 - 1471,2019 ,10.1016/j.jclepro.2019.04.388,,
0000013021,"JULIAN EDUARDO PLAZAS PEMBERTHY, JUAN CARLOS CORRALES MUNOZ",Data-Centric UML Profile for Wireless Sensors: Application to Smart Farming,Producción bibliográfica - Artículo - Publicado en revista especializada,True,Estados Unidos,International Journal of Agricultural and Environmental Information Systems,1947-3192,Igi Global,10,2 ,21 - 48,2019 ,10.4018/IJAEIS.2019040102,,
0000013021,"LISETH VIVIANA CAMPO ARCOS, JUAN CARLOS CORRALES MUNOZ",Optimization of coverage mission for lightweight unmanned aerial vehicles applied in crop data acquisition,Producción bibliográfica - Artículo - Publicado en revista especializada,True,Reino Unido,Expert Systems with Applications,0957-4174,Jai-Elsevier Ltd,149,N/A ,1 - 17,2020 ,10.1016/j.eswa.2020.113227,,
0000013021,"APOLINAR FIGUEROA, JUAN CARLOS CORRALES MUNOZ, SILVIO ANDRES ORDONEZ, SAMIR C JOAQUI DAZA, MONICA PATRICIA VALENCIA ROJAS",PLATAFORMA DE ENTREGA DE SERVICIOS DE MONITOREO CLIMÁTICO BAJO UNA PERSPECTIVA DE ARQUITECTURA BASADA EN SERVICIOS,Producción bibliográfica - Artículo - Corto (Resumen),True,Colombia,Revista De La Asociación Colombiana De Ciencias Biológicas,0120-4173,Asociacion Colombiana De Ciencias Biologicas,21,N/A ,152 - 154,2009 ,,"gestión ambiental, Información Ambiental, Web Services",
0000013021,"JUAN CARLOS CORRALES MUNOZ, JULIAN EDUARDO PLAZAS PEMBERTHY",Improving Rural Early Warning Systems through the Integration of OpenBTS and jain slee,Producción bibliográfica - Artículo - Publicado en revista especializada,True,Colombia,Revista Ingenierías Universidad De Medellín,1692-3324,UNIVERSIDAD DE MEDELLIN,16,30 ,195 - 207,2017 ,10.22395/rium.v16n30a10,,
0000013021,JUAN CARLOS CORRALES MUNOZ,Automatic orchestration of converged services on JSLEE environment,Producción bibliográfica - Artículo - Publicado en revista especializada,True,Colombia,Tecnura,0123-921X,Editorial UD (Editorial Universidad Distrital Francisco José de Caldas),19,46 ,15 - 25,2015 ,10.14483/udistrital.jour.tecnura.2015.4.a01,,
0000013021,"JUAN CARLOS CORRALES MUNOZ, EMMANUEL GERARDO LASSO SAMBONY",Expert system for crop disease based on graph pattern matching: a proposal,Producción bibliográfica - Artículo - Publicado en revista especializada,True,Colombia,Revista Ingenierías Universidad De Medellín,1692-3324,UNIVERSIDAD DE MEDELLIN,15,29 ,81 - 98,2016 ,10.22395/rium.v15n29a5,,
0000013021,"JUAN CARLOS CORRALES MUNOZ, IVAN DARIO LOPEZ GOMEZ",Un mapeo sistemático sobre predicción de calidad del agua mediante técnicas de inteligencia computacional,Producción bibliográfica - Artículo - Publicado en revista especializada,True,Colombia,Revista Ingenierías Universidad De Medellín,1692-3324,UNIVERSIDAD DE MEDELLIN,15,28 ,35 - 52,2016 ,10.22395/rium.v15n28a2,,
0000013021,"JUAN CARLOS CORRALES MUNOZ, GUSTAVO ADOLFO RAMIREZ GONZALEZ",Aproximación a un modelo contextual para calidad de datos en agricultura de precisión,Producción bibliográfica - Artículo - Publicado en revista especializada,True,Colombia,Revista Ingenierías Universidad De Medellín,1692-3324,UNIVERSIDAD DE MEDELLIN,15,29 ,99 - 112,2016 ,10.22395/rium.v15n29a6,,
0000013021,JUAN CARLOS CORRALES MUNOZ,Validation of Coffee Rust Warnings Based on Complex Event Processing,Producción bibliográfica - Artículo - Publicado en revista especializada,True,Suiza,Lecture Notes in Computer Science,0302-9743,Springer-Verlag London Ltd.,9789,N/A ,684 - 699,2016 ,10.1007/978-3-319-42089-9_48,,
0000013021,JUAN CARLOS CORRALES MUNOZ,A Semi-Supervised Hybrid Approach for Multitemporal Multi-Region Multisensor Landsat Data Classification,Producción bibliográfica - Artículo - Publicado en revista especializada,True,Estados Unidos,IEEE Journal of Selected Topics in Applied Earth Observations and Remote Sensing,1939-1404,Institute of Electrical and Electronics Engineers,9,12 ,5424 - 5435,2016 ,10.1109/JSTARS.2016.2623567,,
0000013021,"JUAN CARLOS CORRALES MUNOZ, JOSE ARMANDO ORDONEZ CORDOBA, CARLOS ALBERTO COBOS LOZADA",Grouping of business processes models based on an incremental clustering algorithm using fuzzy similarity and multimodal search,Producción bibliográfica - Artículo - Publicado en revista especializada,True,Reino Unido,Expert Systems with Applications,0957-4174,Jai-Elsevier Ltd,67,N/A ,163 - 177,2017 ,10.1016/j.eswa.2016.08.061,,
0000013021,JUAN CARLOS CORRALES MUNOZ,Tokenizer Adapted for Nasa Yuwe Language,Producción bibliográfica - Artículo - Publicado en revista especializada,True,México,Computacion y Sistemas,1405-5546,Editores Asociados,20,3 ,355 - 364,2016 ,10.13053/CyS-20-3-2455,,
0000013021,"JUAN CARLOS CORRALES MUNOZ, DAVID CAMILO CORRALES MUNOZ",Two-Level Classifier Ensembles for Coffee Rust Estimation in Colombian Crops,Producción bibliográfica - Artículo - Publicado en revista especializada,True,Estados Unidos,International Journal of Agricultural and Environmental Information Systems,1947-3192,Igi Global,7,3 ,41 - 59,2016 ,10.4018/IJAEIS.2016070103,,
0000013021,"JUAN CARLOS CORRALES MUNOZ, MAURICIO MACA, JOSE ARMANDO ORDONEZ, CRISTHIAN FIGUEROA",Sincronización y distribución de tareas para workflows distribuidos en sistemas móviles de información,Producción bibliográfica - Artículo - Publicado en revista especializada,True,Colombia,Tecnura,0123-921X,Editorial UD (Editorial Universidad Distrital Francisco José de Caldas),21,N/A ,93 - 102,2007 ,,,
0000013021,"JUAN CARLOS CORRALES MUNOZ, MOKRANE BOUZEGHOUB, DANIELA GRIGORI",Behavioral matchmaking for service retrieval: Application to conversation protocols,Producción bibliográfica - Artículo - Publicado en revista especializada,True,Alemania,Information Systems,0306-4379,Elsevier Science & Technology,33,7-8 ,681 - 698,2008 ,,,
0000013021,"JUAN CARLOS CORRALES MUNOZ, CARLOS ALBERTO COBOS LOZADA, LUZ MARINA SIERRA MARTINEZ",Memetic Algorithm Based on Global-Best Harmony Search and Hill Climbing for Part of Speech Tagging,Producción bibliográfica - Artículo - Publicado en revista especializada,True,Alemania,Lecture Notes in Computer Science,0302-9743,Springer-Verlag London Ltd.,10682,N/A ,198 - 211,2017 ,10.1007/978-3-319-71928-3_20,,
0000013021,"JUAN CARLOS CORRALES MUNOZ, APOLINAR FIGUEROA, IVAN DARIO LOPEZ GOMEZ",ADAPTIVE PREDICTION OF WATER QUALITY USING COMPUTATIONAL INTELLIGENCE TECHNIQUES,Producción bibliográfica - Artículo - Publicado en revista especializada,True,Alemania,Lecture Notes in Computer Science,0302-9743,Springer-Verlag London Ltd.,10405,N/A ,45 - 59,2017 ,10.1007/978-3-319-62395-5_4,,
0000013021,"CRISTHIAN FIGUEROA, JUAN CARLOS CORRALES MUNOZ",Allied: A Framework for Executing Linked Data- Based Recommendation Algorithms,Producción bibliográfica - Artículo - Publicado en revista especializada,True,Estados Unidos,International Journal on Semantic Web and Information Systems,1552-6283,Idea Group Publishing (IGP),13,4 ,134 - 154,2017 ,10.4018/IJSWIS.2017100107,,
0000013021,"IVAN DARIO LOPEZ GOMEZ, JUAN CARLOS CORRALES MUNOZ, JULIAN EDUARDO PLAZAS PEMBERTHY",A Tool for Classification of Cacao Production in Colombia Based on Multiple Classifier Systems,Producción bibliográfica - Artículo - Publicado en revista especializada,True,Alemania,Lecture Notes in Computer Science,0302-9743,Springer-Verlag London Ltd.,10405,N/A ,60 - 69,2017 ,10.1007/978-3-319-62395-5_5,,
0000013021,"EMMANUEL GERARDO LASSO SAMBONY, JUAN CARLOS CORRALES MUNOZ",Expert system for coffee rust detection based on supervised learning and graph pattern matching,Producción bibliográfica - Artículo - Publicado en revista especializada,True,Suiza,"International Journal of Metadata, Semantics and Ontologies",1744-2621,Inderscience Enterprises Ltd.,12,1 ,19 - 27,2017 ,10.1504/IJMSO.2017.10008638,,
0000013021,"JUAN CARLOS CORRALES MUNOZ, EMMANUEL GERARDO LASSO SAMBONY, DAVID CAMILO CORRALES MUNOZ",Water quality detection based on a data mining process on the California estuary,Producción bibliográfica - Artículo - Publicado en revista especializada,True,Inglaterra,International Journal of Business Intelligence and Data Mining,1743-8187,Inderscience Enterprises Ltd.,12,4 ,406 - 424,2017 ,10.1504/IJBIDM.2017.086987,,
0000013021,"EMMANUEL GERARDO LASSO SAMBONY, JUAN CARLOS CORRALES MUNOZ",Decision Support System for Coffee Rust Control Based on Expert Knowledge and Value-Added Services,Producción bibliográfica - Artículo - Publicado en revista especializada,True,Alemania,Lecture Notes in Computer Science,0302-9743,Springer-Verlag London Ltd.,10405,N/A ,70 - 83,2017 ,10.1007/978-3-319-62395-5_6,,
0000013021,"JUAN CARLOS CORRALES MUNOZ, DAVID CAMILO CORRALES MUNOZ, JHONN PABLO RODRIGUEZ MUNOZ",Lack of Data: Is It Enough Estimating the Coffee Rust with Meteorological TimeSeries?,Producción bibliográfica - Artículo - Publicado en revista especializada,True,Alemania,Lecture Notes in Computer Science,0302-9743,Springer-Verlag London Ltd.,10405,N/A ,3 - 16,2017 ,10.1007/978-3-319-62395-5_1,,
0000013021,"JUAN CARLOS CORRALES MUNOZ, LEANDRO ORDONEZ ANTE",Semantic Annotation of SOAP Web Services based on Word Sense Disambiguation Techniques,Producción bibliográfica - Artículo - Publicado en revista especializada,True,Colombia,Ingenieria y Universidad,0123-2126,Pontificia Universidad Javeriana,18,2 ,369 - 392,2014 ,10.11144/Javeriana.IYU18-2.sasw,,
0000013021,"JUAN CARLOS CORRALES MUNOZ, EMMANUEL GERARDO LASSO SAMBONY, JUAN DAVID RINCON PATINO",Estimating Avocado Sales Using Machine Learning Algorithms and Weather Data,Producción bibliográfica - Artículo - Publicado en revista especializada,True,Suiza,Sustainability,2071-1050,Multidisciplinary Digital Publishing Institute (MDPI),10,10 ,1 - 12,2018 ,10.3390/su10103498,,
0000013021,"JUAN CARLOS CORRALES MUNOZ, APOLINAR FIGUEROA, EMMANUEL GERARDO LASSO SAMBONY, DAVID CAMILO CORRALES MUNOZ",Estimation of coffee rust infection and growth through two-level classifier ensembles based on expert knowledge,Producción bibliográfica - Artículo - Publicado en revista especializada,True,Inglaterra,International Journal of Business Intelligence and Data Mining,1743-8187,Inderscience Enterprises Ltd.,13,4 ,369 - 387,2018 ,10.1504/IJBIDM.2018.094984,,
0000013021,"JUAN CARLOS CORRALES MUNOZ, GUSTAVO ADOLFO RAMIREZ GONZALEZ, JUAN DAVID RINCON PATINO",Exploring machine learning: A bibliometric general approach using Citespace,Producción bibliográfica - Artículo - Publicado en revista especializada,True,Inglaterra,F1000Research,2046-1402,F1000 Research Ltd.,7,1240 ,1 - 16,2018 ,10.12688/f1000research.15619.1,,
0000013021,"EMMANUEL GERARDO LASSO SAMBONY, JUAN CARLOS CORRALES MUNOZ, DAVID CAMILO CORRALES MUNOZ",Feature selection for classification tasks: Expert knowledge or traditional methods?,Producción bibliográfica - Artículo - Publicado en revista especializada,True,Países Bajos,Journal Of Intelligent '&' Fuzzy Systems,1064-1246,IOS Press,34,N/A ,2825 - 2835,2018 ,10.3233/JIFS-169470,,
0000013021,"JUAN CARLOS CORRALES MUNOZ, GUSTAVO ADOLFO RAMIREZ GONZALEZ, CARLOS ANDRES GONZALEZ AMARILLO",An IoT-Based Traceability System for Greenhouse Seedling Crops,Producción bibliográfica - Artículo - Publicado en revista especializada,True,Estados Unidos,IEEE Access,2169-3536,Ieee Inst Electrical Electronics Engineers Inc,6,N/A ,67528 - 67535,2018 ,10.1109/ACCESS.2018.2877293,,
0000013021,"JUAN CARLOS CORRALES MUNOZ, DAVID CAMILO CORRALES MUNOZ",From Theory to Practice: A Data Quality Framework for Classification Tasks,Producción bibliográfica - Artículo - Publicado en revista especializada,True,Suiza,Symmetry,2073-8994,Multidisciplinary Digital Publishing Institute (MDPI),10,248 ,1 - 29,2018 ,10.3390/sym10070248,,
0000013021,"DAVID CAMILO CORRALES MUNOZ, JUAN CARLOS CORRALES MUNOZ",How to Address the Data Quality Issues in Regression Models: A Guided Process for Data Cleaning,Producción bibliográfica - Artículo - Publicado en revista especializada,True,Suiza,Symmetry,2073-8994,Multidisciplinary Digital Publishing Institute (MDPI),10,99 ,1 - 20,2018 ,10.3390/sym10040099,,
0000013021,"ALVARO RENDON GALLON, JUAN CARLOS CORRALES MUNOZ, JULIAN ANDRES CAICEDO MUNOZ",QoS-Classifier for VPN and Non-VPN traffic based on time-related features,Producción bibliográfica - Artículo - Publicado en revista especializada,True,Países Bajos,Computer Networks,1389-1286,Elsevier Science Bv,144,N/A ,271 - 279,2018 ,10.1016/j.comnet.2018.08.008,,
0000013021,"JUAN CARLOS CORRALES MUNOZ, CARLOS ALBERTO COBOS LOZADA, LUZ MARINA SIERRA MARTINEZ",Building a Nasa Yuwe Language Corpus and Tagging with a Metaheuristic Approach,Producción bibliográfica - Artículo - Publicado en revista especializada,True,México,Computacion y Sistemas,1405-5546,Editores Asociados,22,3 ,881 - 894,2018 ,10.13053/CyS-22-3-3018,,
0000013021,"JUAN CARLOS CORRALES MUNOZ, JHONN PABLO RODRIGUEZ MUNOZ, DAVID CAMILO CORRALES MUNOZ",A Process for Increasing the Samples of Coffee Rust Through Machine Learning Methods,Producción bibliográfica - Artículo - Publicado en revista especializada,True,Estados Unidos,International Journal of Agricultural and Environmental Information Systems,1947-3192,Igi Global,9,2 ,32 - 52,2018 ,10.4018/IJAEIS.2018040103,,
0000013021,"JUAN CARLOS CORRALES MUNOZ, GUSTAVO ADOLFO RAMIREZ GONZALEZ, JUAN DAVID RINCON PATINO",Exploring machine learning: A bibliometric general approach using SciMAT,Producción bibliográfica - Artículo - Publicado en revista especializada,True,Inglaterra,F1000Research,2046-1402,F1000 Research Ltd.,7,1210 ,1 - 16,2018 ,10.12688/f1000research.15620.1,,
0001239368,"CRISTHIAN NICOLAS FIGUEROA MARTINEZ, IACOPO VAGLIANO, OSCAR RODRIGUEZ ROCHA, MAURIZIO MORISIO",A Systematic Review of Linked Data-based Recommender Systems,Producción bibliográfica - Artículo - Publicado en revista especializada,True,Colombia,Concurrency And Computation-Practice '&' Experience,1532-0634,"John Wiley & Sons, Inc.",2015,,1 - 26,2015 ,10.1002/cpe.3449,"Linked Data, Recommender Systems, Systematic Review, Web of Data",
0001239368,"CRISTHIAN NICOLAS FIGUEROA MARTINEZ, OSCAR RODRIGUEZ ROCHA, IACOPO VAGLIANO, FEDERICO CAIRO, GIUSEPPE FUTIA, CARLO ALBERTO LICCIARDI, MARCO MARENGO, FEDERICO MORANDO",Semantic Annotation and Classification in Practice,Producción bibliográfica - Artículo - Publicado en revista especializada,True,Estados Unidos,IT Professional,1520-9202,IEEE Computer Society Press,17,12 ,33 - 39,2015 ,10.1109/MITP.2015.29,,
0001239368,"CRISTHIAN NICOLAS FIGUEROA MARTINEZ, HUGO ORDONEZ ERASO, JOSE ARMANDO ORDONEZ, JUAN CARLOS CORRALES, CARLOS ALBERTO COBOS LOZADA",Dynamic Reconfiguration of Composite Convergent Services Supported by Multimodal Search,Producción bibliográfica - Artículo - Publicado en revista especializada,True,Polonia,Lecture Notes in Business Information Processing,1865-1348,Springer-Verlag London Ltd.,208,,127 - 139,2015 ,10.1007/978-3-319-19027-3_11,"Convergent services, Dynamic reconfiguration, Multimodal search",
0001239368,"CRISTHIAN NICOLAS FIGUEROA MARTINEZ, BORIS MOLTCHANOV, OSCAR RODRIGUEZ ROCHA, IACOPO VAGLIANO",Linked Data-Driven Smart Space,Producción bibliográfica - Artículo - Publicado en revista especializada,True,Alemania,Lecture Notes in Computer Science,0302-9743,Springer-Verlag London Ltd.,8638,,3 - 15,2014 ,0.1007/978-3-319-10353-2_1,,
0001239368,"CRISTHIAN NICOLAS FIGUEROA MARTINEZ, JUAN CARLOS CORRALES, DAVID CAMILO CORRALES MUNOZ",A Multilevel Approach for Business Process Retrieval,Producción bibliográfica - Artículo - Publicado en revista especializada,True,Colombia,Revista Ingenierías Universidad De Medellín,1692-3324,UNIVERSIDAD DE MEDELLIN,26,Enero - Ab ,1 - 25,2014 ,,"Business Process, Behavioral Semantics, Subgraph isomorphism, Control-flow patterns, Relevance Analysis",
0001239368,"CRISTHIAN NICOLAS FIGUEROA MARTINEZ, BORIS MOLTCHANOV, OSCAR RODRIGUEZ ROCHA",A Subgraph Isomorphism Based Approach to Enable Discovery and Composition of Smart Space Elements,Producción bibliográfica - Artículo - Publicado en revista especializada,True,Alemania,Lecture Notes in Computer Science,0302-9743,Springer-Verlag London Ltd.,8121,N/A ,84 - 93,2013 ,10.1007/978-3-642-40316-3_8,,
0001239368,"CRISTHIAN NICOLAS FIGUEROA MARTINEZ, JUAN CARLOS CORRALES, LAURA SANDINO",Plataforma para Evaluar Sistemas de Recuperación de Procesos de Negocio,Producción bibliográfica - Artículo - Publicado en revista especializada,True,Colombia,Revista De Investigaciones,0121-067X,Universidad Catolica De Manizales,11,17 ,64 - 76,2011 ,,"Proceso de negocio, Servicios Web, Recuperación de Información, Modelado Semántico",Desarrollo de programas (software) y prestación de servicios en informática - Desarrollo de programas (software)
0001239368,"CRISTHIAN NICOLAS FIGUEROA MARTINEZ, JUAN CARLOS CORRALES",Business Process Retrieval based on Behavioral Semantics,Producción bibliográfica - Artículo - Publicado en revista especializada,True,Colombia,Revista Eia,1794-1237,ESCUELA DE INGENIERÍA DE ANTIOQUIA,17,julio 2012 ,105 - 120,2012 ,,,Desarrollo de programas (software) y prestación de servicios en informática - Desarrollo de programas (software)
0001239368,"CRISTHIAN NICOLAS FIGUEROA MARTINEZ, JUAN CARLOS CORRALES, OSCAR RODRIGUEZ ROCHA, MAURIZIO MORISIO, IACOPO VAGLIANO, MARCO TORCHIANO, CATHERINE FARON ZUCKER",Allied: A Framework for Executing Linked Data-based Recommendation Algorithms,Producción bibliográfica - Artículo - Publicado en revista especializada,True,Estados Unidos,International Journal on Semantic Web and Information Systems,1552-6283,Idea Group Publishing (IGP),13,2017 ,1 - 20,2017 ,10.4018/IJSWIS.2017100107,"Control-flow patterns, Linked Data, Recommender Systems, Relevance Analysis, Semantic Categorization, Semántica, Web of Data",
0001239368,"CRISTHIAN NICOLAS FIGUEROA MARTINEZ, DANIEL FELIPE RIVAS, DAVID CORCHUELO, ROSALBA GIUGNO",Business Process Model Retrieval Based on Graph Indexing Method,Producción bibliográfica - Artículo - Publicado en revista especializada,True,Alemania,Lecture Notes in Business Information Processing,1865-1348,Springer-Verlag London Ltd.,66,XVI ,238 - 250,2010 ,,,
0001239368,"CRISTHIAN NICOLAS FIGUEROA MARTINEZ, HUGO ORDONEZ ERASO, JUAN CARLOS CORRALES, CARLOS ALBERTO COBOS LOZADA, LEANDRO KRUG WIVES, ENRIQUE HERRERA VIEDMA",Improving Business Process Retrieval Using Categorization and Multimodal Search,Producción bibliográfica - Artículo - Publicado en revista especializada,True,Colombia,Knowledge-Based Systems,0950-7051,Elsevier Science,110,,1 - 17,2016 ,10.1016/j.knosys.2016.07.014,"Business Process, Business Process Categorization, Multimodal search, Semantic Categorization",
0001239368,"CRISTHIAN NICOLAS FIGUEROA MARTINEZ, JUAN CARLOS CORRALES, ANDRES GUERRERO, JOSE ARMANDO ORDONEZ, MAURICIO MACA",Distribución de Procesos de Negocios en Sistemas Móviles de Información Basada en un Algoritmo de Colonia de Hormigas,Producción bibliográfica - Artículo - Publicado en revista especializada,True,Colombia,Avances En Sistemas E Informatica (En Linea),1909-0056,Universidad Nacional Medellin,4,1 ,67 - 72,2007 ,,"sistemas móviles de información, grafos, Algoritmo de Hormigas, Distribución, Proceso de negocio, Workflow",
0001239368,"CRISTHIAN NICOLAS FIGUEROA MARTINEZ, JUAN CARLOS CORRALES, ANDRES GUERRERO, JOSE ARMANDO ORDONEZ, MAURICIO MACA",Sincronización y distribución de tareas para workflows distribuidos en sistemas móviles de información,Producción bibliográfica - Artículo - Publicado en revista especializada,True,Colombia,Tecnura,0123-921X,Editorial UD (Editorial Universidad Distrital Francisco José de Caldas),21,N/A ,93 - 102,2007 ,,"Algoritmo de Hormigas, Distribución, Proceso de negocio, Workflow, grafos, sistemas móviles de información",Desarrollo de programas (software) y prestación de servicios en informática - Otras actividades de prestación de servicios en informática
0001239368,CRISTHIAN NICOLAS FIGUEROA MARTINEZ,"Exploring DNS, HTTP, and ICMP Response Time Computations on Brain Signal/Image Databases using a Packet Sniffer Tool",Producción bibliográfica - Artículo - Publicado en revista especializada,True,,IEEE Access,2169-3536,Ieee Inst Electrical Electronics Engineers Inc,6,,59672 - 5967,2018 ,10.1109/ACCESS.2018.2870557,,
0000013056,"MARIO MUNOZ ORGANERO, GUSTAVO ADOLFO RAMIREZ GONZALEZ, PEDRO MUNOZ MERINO, CARLOS DELGADO KLOOS",Framework for contextualized learning ecosystems,Producción bibliográfica - Artículo - Publicado en revista especializada,True,Italia,Lecture Notes in Computer Science,0302-9743,Springer-Verlag London Ltd.,6964,N/A ,260 - 270,2011 ,,"Ambientes Integrados de Desarrollo, Arquitecturas, E Learning, Gestion Tecnologica, Internet de Objetos, LMS, NFC, RFID, computación Ubicua, dispositivos moviles, educational technology, mobile learning, trazabilidad","Desarrollo de programas (software) y prestación de servicios en informática - Desarrollo de programas (software), Desarrollo de programas (software) y prestación de servicios en informática - Otras actividades de prestación de servicios en informática, Educación - Otro"
0000013056,"MAR PEREZ-SANAGUSTIN, GUSTAVO ADOLFO RAMIREZ GONZALEZ, DAVINIA HERNANDEZ-LEO, MARIO MUNOZ ORGANERO, PATRICIA SANTOS, JOSEP BLAT, CARLOS DELGADO KLOOS",Discovering the campus together: a mobile and computer based learning experience,Producción bibliográfica - Artículo - Publicado en revista especializada,True,Estados Unidos,Journal of Network and Computer Applications,1084-8045,Academic Press Ltd-Elsevier Science Ltd,35,1 ,176 - 188,2012 ,,"Aprendizaje Colaborativo, E Learning, Gestion Tecnologica, Gestion de Conocimiento, Integración de Sistemas, Internet de Objetos, LMS, NFC, RFID, Telematica, dispositivos moviles, educational technology, mobile learning, computación Ubicua, Computer Supported Collaborative Blended Lear","Desarrollo de programas (software) y prestación de servicios en informática - Desarrollo de programas (software), Desarrollo de programas (software) y prestación de servicios en informática - Otras actividades de prestación de servicios en informática, Desarrollo de programas (software) y prestación de servicios en informática - Otro, Educación - Educación superior, Educación - Otro"
0000013056,"FRANCISO ORLANDO MARTINEZ PABON, JAIME CAICEDO GUERRERO, JHON JAIRO IBARRA SAMBONI, GUSTAVO ADOLFO RAMIREZ GONZALEZ, DAVINIA HERNANDEZ-LEO",Smart TV-Smartphone Multiscreen Interactive Middleware for Public Displays,Producción bibliográfica - Artículo - Publicado en revista especializada,True,Estados Unidos,The Scientific World Journal,1537-744X,Hindawi Limited,2015,N/A ,1 - 14,2015 ,10.1155/2015/534949,"Aplicaciones móviles, Comercio Electrónico, Internet de Objetos, Mobile commerce, Sistemas de Recomendaciones, Smart TV-Smartphone, Smart-TV, Multiscreen, Interactive, Middleware, Public Displays, dispositivos moviles, Mutipantalla, Pantallas Públicas",
0000013056,"FRANCISCO ORLANDO MARTINEZ PABON, VICTOR GARZON MARIN, JUAN CAMILO OSPINA QUINTERO, JHON JAIRO IBARRA SAMBONI, JAIME CAICEDO GUERRERO, ANGELA ROCIO CHANTRE ASTAIZA, GUSTAVO ADOLFO RAMIREZ GONZALEZ",Sistema de recomendaciones para entornos de Digital Signage soportado en un esquema de cooperación smart tv-smartphone,Producción bibliográfica - Artículo - Publicado en revista especializada,True,Colombia,Revista Ingenierías Universidad De Medellín,1692-3324,UNIVERSIDAD DE MEDELLIN,13,24 ,181 - 196,2014 ,,"Aplicaciones móviles, Arquitecturas, Mobile commerce, Smart-TV, computación Ubicua, dispositivos moviles, Sistemas de Recomendaciones, Publicidad Ubicua, Digital Signage, Marketing Móvil",
0000013056,"GUSTAVO ADOLFO RAMIREZ GONZALEZ, CAROLINA DELGADO HURTADO, ANGELA ROCIO CHANTRE ASTAIZA",Modelación lógica conceptual de un sistema tecnológico de trazabilidad turística,Producción bibliográfica - Artículo - Publicado en revista especializada,True,Colombia,Ingeniería Y Competitividad,0123-3033,Facultad De Ingenieria Universidad Del Valle,16,1 ,83 - 95,2014 ,,"Gestion Tecnologica, Gestion de Conocimiento, Gestion local, Mobile commerce, Turismo, trazabilidad",
0000013056,"FRANCISCO ORLANDO MARTINEZ PABON, GUSTAVO ADOLFO RAMIREZ GONZALEZ, ANGELA ROCIO CHANTRE ASTAIZA",Modelo Conceptual Para El Despliegue De Publicidad Ubicua Soportado En Un Esquema De Cooperación Smart Tv Smartphone,Producción bibliográfica - Artículo - Publicado en revista especializada,True,Colombia,Ciencia E Ingeniería Neogranadina,0124-8170,Universidad Militar Nueva Granada,24,1 ,116 - 147,2014 ,,"Android, Aplicaciones móviles, Arquitecturas, Comercio Electrónico, Internet de Objetos, computación Ubicua, dispositivos moviles, Smart-TV",
0000013056,"GUSTAVO ADOLFO RAMIREZ GONZALEZ, NATALIA CAROLINA MAYA ORTIZ, MARIA EUGENIA VILLAMARIN",Ceres - centros regionales de educación superior: telecentros para una educación pertinente y de calidad,Producción bibliográfica - Artículo - Publicado en revista especializada,True,Colombia,Telecomunicaciones & Sociedad,1794-7197,Ediorial Universidad Del Cauca,3,,31 - 37,2005 ,,"Alfabetizacion Digital, Brecha digital, CERES, Telecentros, Gestion Tecnologica, Sociedad de la Información","Desarrollo rural, Educación"
0000013056,"JORGE ELIECER GOMEZ GOMEZ, GUSTAVO ADOLFO RAMIREZ GONZALEZ, DANIEL JOSE SALAS ALVAREZ, VELSSY HERNANDEZ RIANO, HELMAN HERNANDEZ RIANO","Aproximación metodológica Práctica Reflexiva Soportada en Conciencia Contextual, desde la Perspectiva de los Estudiantes.",Producción bibliográfica - Artículo - Publicado en revista especializada,True,Colombia,Ingenieria Al Dia,1692-0589,Ediciones Unisinu,6,1 ,23 - 38,2010 ,,"mobile learning, educational technology, dispositivos moviles, computación Ubicua, Telematica, Realidad Aumentada, QR Codes, E Learning","Desarrollo de programas (software) y prestación de servicios en informática - Desarrollo de programas (software), Desarrollo de programas (software) y prestación de servicios en informática - Otro, Educación - Educación superior, Educación - Otro"
0000013056,"GUSTAVO ADOLFO RAMIREZ GONZALEZ, DANIEL JOSE SALAS ALVAREZ, VELSSY HERNANDEZ RIANO, HELMAN HERNANDEZ RIANO, JORGE GOMEZ GOMEZ",Hacia escenarios de aprendizaje soportados en Conciencia Contextual,Producción bibliográfica - Artículo - Publicado en revista especializada,True,Colombia,Ingenieria Al Dia,1692-0589,Ediciones Unisinu,6,N/A ,4 - 22,2010 ,,"E Learning, Gestion Tecnologica, Internet de Objetos, QR Codes, Realidad Aumentada, Telematica, computación Ubicua, dispositivos moviles, educational technology","Desarrollo de programas (software) y prestación de servicios en informática - Desarrollo de programas (software), Desarrollo de programas (software) y prestación de servicios en informática - Otro, Educación - Educación superior, Educación - Otro"
0000013056,"ANDRES FELIPE BORRERO DAVID, PABLO CESAR SANJUAN MUNOZ, GUSTAVO ADOLFO RAMIREZ GONZALEZ","Gamification techniques in tourism, application test, Casa Mosquera Museum",Producción bibliográfica - Artículo - Publicado en revista especializada,True,Colombia,Sistemas & Telemática,1692-5238,Universidad Icesi,13,33 ,63 - 76,2015 ,10.18046/syt.v13i33.2081,"Android, Aplicaciones móviles, Arquitecturas, Brecha digital, Internet de Objetos, Interactive, NFC, RFID, Publicidad Ubicua, QR Codes, Realidad Aumentada, Turismo, computación Ubicua, dispositivos moviles, educational technology, mobile learning, trazabilidad, videogames, videojuegos, Gamification, Gamificación, serious game, Juego Serio, Museo",
0000013056,"GUSTAVO ADOLFO RAMIREZ GONZALEZ, MARIO FERNANDO SOLARTE SARASTY, DANIEL ALBERTO JARAMILLO MORILLO",Identifying and characterizing students suspected of academic dishonesty in SPOCs for credit through learning analytics,Producción bibliográfica - Artículo - Publicado en revista especializada,True,España,International Journal of Educational Technology in Higher Education,2365-9440,Springer Netherlands,17,N/A ,1 - 18,2020 ,10.1186/s41239-020-00221-2,"Cheating, Massively open online course, Academic dishonesty, Small private online courses, MOOC, SPOC, Learning analytics",
0000013056,"FRANCISCO ORLANDO MARTINEZ PABON, JUAN CAMILO OSPINA QUINTERO, VICTOR GARZON MARIN, GUSTAVO ADOLFO RAMIREZ GONZALEZ, MARIO MUNOZ ORGANERO",Recommending Ads from Trustworthy Relationships in Pervasive Environments,Producción bibliográfica - Artículo - Publicado en revista especializada,True,Inglaterra,Mobile Information Systems,1875-905X,Hindawi Publishing Corporation,2016,N/A ,1 - 18,2016 ,10.1155/2016/8593173,"Digital Signage, Information Retrieval, Marketing Móvil, Mobile commerce, Middleware, Sistemas de Recomendaciones, Social Network, Trustworthy Relationships, computación Ubicua, Publicidad Ubicua",
0000013056,"MIGUEL ANGEL NINO ZAMBRANO, GUSTAVO ADOLFO RAMIREZ GONZALEZ, CARLOS ALBERTO COBOS LOZADA",Procedure for Building Semantic Indexes based on Domain-Specific Ontologies,Producción bibliográfica - Artículo - Publicado en revista especializada,True,Colombia,Entramado,1900-3803,Universidad Libre,9,1 ,262 - 287,2013 ,,"indexación semántica, recuperación de información, Information Retrieval, Ontologies",
0000013056,"ELIANA ANDREA CONCHA AGREDO, LUIS CARLOS MARTINEZ ACOSTA, ANGELA ROCIO CHANTRE ASTAIZA, GUSTAVO ADOLFO RAMIREZ GONZALEZ",Pervasive NFC-based solution for the analysis of tourism data in an environment of smart cities,Producción bibliográfica - Artículo - Publicado en revista especializada,True,Colombia,Sistemas & Telemática,1692-5238,Universidad Icesi,13,32 ,41 - 60,2015 ,10.18046/syt.v13i32.2016,"Android, Aplicaciones móviles, Arquitecturas, Basado en contexto, Cadenas de Markov, Comercio Electrónico, Internet de Objetos, Mobile commerce, NFC, Procesos de Negocio, Publicidad Ubicua, QR Codes, Semántica, Servicios Web, Servicios de Identificación, Social Network, Turismo, dispositivos moviles, pervasive computing, smart cities, Ciudades Inteligentes, location, movements, Sistemas de Recomendaciones",
0000013056,"CATALINA IBETH CORDOBA PALADINEZ, MARLON FELIPE BURBANO FERNANDEZ, HECTOR FABIO LAME LOPEZ, MANUEL FERNANDO SALAZAR AVIRAMA, GUSTAVO ADOLFO RAMIREZ GONZALEZ, MARIO FERNANDO SOLARTE SARASTY",Valoración de Sistemas Ubicuos Basados en e-Campus y Near Field Communication en un Ambiente Universitario,Producción bibliográfica - Artículo - Publicado en revista especializada,True,Colombia,Sistemas & Telemática,1692-5238,Universidad Icesi,11,27 ,55 - 76,2014 ,10.18046/syt.v11i27.1695,"Android, Aplicaciones móviles, Arquitecturas, Basado en contexto, Ciudades Inteligentes, Gestion Tecnologica, Internet de Objetos, J2ME, Mobile commerce, Middleware, NFC, QR Codes, Realidad Aumentada, dispositivos moviles, computación Ubicua, mobile learning, pervasive computing, trazabilidad, e-Campus",
0000013056,"JOSE LUIS CERON IMBACHI, DARIO LEONARDO NARVAEZ JACOME, GUSTAVO ADOLFO RAMIREZ GONZALEZ",Mobile payments system employing NFC technology under the Android operating system,Producción bibliográfica - Artículo - Publicado en revista especializada,True,Colombia,Sistemas & Telemática,1692-5238,Universidad Icesi,13,33 ,77 - 87,2015 ,10.18046/syt.v13i33.2082,"Android, Aplicaciones móviles, Arquitecturas, Comercio Electrónico, Gestion Tecnologica, Interactive, Internet de Objetos, Marketing Móvil, Mobile commerce, NFC, e-payment, rural development",
0000013056,"JUAN DAVID RINCON PATINO, STIVEN ANTONIO MUNOZ QUINTERO, GUSTAVO ADOLFO RAMIREZ GONZALEZ",NFC como alternativa para mejorar el desarrollo de videojuegos en dispositivos móviles,Producción bibliográfica - Artículo - Publicado en revista especializada,True,Colombia,Revista Ingenierías Universidad De Medellín,1692-3324,UNIVERSIDAD DE MEDELLIN,15,28 ,151 - 172,2016 ,10.22395/rium.v15n28a8,"Android, Aplicaciones móviles, Arquitecturas, Basado en contexto, Comercio Electrónico, Interactive, Internet de Objetos, Marketing Móvil, Mobile commerce, NFC, Telematica, dispositivos moviles, trazabilidad, videojuegos, videogames",
0000013056,"FULVIO YESID VIVAS CANTERO, JUAN CARLOS CORRALES MUNOZ, GUSTAVO ADOLFO RAMIREZ GONZALEZ",Aproximación a un modelo contextual para calidad de datos en agricultura de precisión,Producción bibliográfica - Artículo - Publicado en revista especializada,True,Colombia,Revista Ingenierías Universidad De Medellín,1692-3324,UNIVERSIDAD DE MEDELLIN,15,29 ,99 - 112,2016 ,10.22395/rium.v15n29a6,"calidad de datos, Agricultura de precisión, metadatos, sistemas de adquisición , Basado en contexto, computación Ubicua, Telematica, Automática, Arquitecturas",
0000013056,"JUAN PABLO RUIZ ROSERO, GUSTAVO ADOLFO RAMIREZ GONZALEZ",Field Programmable Gate Array Applications¿A Scientometric Review,Producción bibliográfica - Artículo - Publicado en revista especializada,True,Suiza,Computation,2079-3197,Multidisciplinary Digital Publishing Institute (MDPI),7,4 ,1 - 111,2019 ,10.3390/computation7040063,"digital control, Machine Learning, Image processing, science mapping, Scientometric, Scientometrics, ScientoPy, Big Data, FPGA, Field Programmable Gate Array",
0000013056,GUSTAVO ADOLFO RAMIREZ GONZALEZ,Decision-level fusion scheme for nasopharyngeal carcinoma identification using machine learning techniques,Producción bibliográfica - Artículo - Publicado en revista especializada,True,Suiza,Neural Computing '&' Applications,1433-3058,Springer-Verlag London Ltd.,32,N/A ,625 - 638,2018 ,10.1007/s00521-018-3882-6,"Artificial neural network, Support vector machines, Endoscopic, image, Image processing, Medical image, Feature-based decision-level fusion, Machine Learning, Carcinoma, Nasopharyngeal",
0000013056,GUSTAVO ADOLFO RAMIREZ GONZALEZ,Optimal Deep Learning Model for Classification of Lung Cancer on CT Images,Producción bibliográfica - Artículo - Publicado en revista especializada,True,Países Bajos,Future Generation Computer Systems,0167-739X,Elsevier Science Bv,92,N/A ,374 - 382,2019 ,10.1016/j.future.2018.10.009,"Classification, Image processing, Computed tomography, Lung cancer, LDA",
0000013056,"ANGELA ROCIO CHANTRE ASTAIZA, GUSTAVO ADOLFO RAMIREZ GONZALEZ",A Novel Algorithm for Breast Lesion Detection Using Textons and Local Configuration Pattern Features With Ultrasound Imagery,Producción bibliográfica - Artículo - Publicado en revista especializada,True,Estados Unidos,IEEE Access,2169-3536,Ieee Inst Electrical Electronics Engineers Inc,7,N/A ,22829 - 22842,2019 ,10.1109/ACCESS.2019.2898121,"benign, Breast, ultrasound, Image processing, Medical image, image, texton, local configuration pattern, classifier, Classification",
0000013056,"GUSTAVO ADOLFO RAMIREZ GONZALEZ, LUZ HERMENCIA SANTAMARIA GRANADOS, JUAN FRANCISCO MENDOZA MORENO",Tourist Recommender Systems Based on Emotion Recognition A Scientometric Review,Producción bibliográfica - Artículo - Publicado en revista especializada,True,Suiza,Future Internet,1999-5903,Multidisciplinary Digital Publishing Institute (MDPI),13,1 ,1 - 37,2020 ,10.3390/fi13010002,"tourist recommender system, Physiology, Emotion recognition, sentiment analysis, Machine Learning, deep learning, Wearable, wearable device, physiological signals",
0000013056,"GUSTAVO ADOLFO RAMIREZ GONZALEZ, LUZ HERMENCIA SANTAMARIA GRANADOS, JUAN FRANCISCO MENDOZA MORENO",Using Deep Convolutional Neural Network for Emotion Detection on a Physiological Signals Dataset (AMIGOS),Producción bibliográfica - Artículo - Publicado en revista especializada,True,Estados Unidos,IEEE Access,2169-3536,Ieee Inst Electrical Electronics Engineers Inc,7,N/A ,57 - 67,2018 ,10.1109/ACCESS.2018.2883213,"AMIGOS dataset, Machine Learning, Physiology, Emotion recognition, deep convolutional neural network, physiological signals",
0000013056,GUSTAVO ADOLFO RAMIREZ GONZALEZ,K-Means clustering and neural network for object detecting and identifying abnormality of brain tumor,Producción bibliográfica - Artículo - Publicado en revista especializada,True,Suiza,Soft Computing,1432-7643,Springer Netherlands,23,N/A ,9083 - 9096,2019 ,10.1007/s00500-018-3618-7,"Brain tumor, Brain identification, Brain signal, K-Means clustering, Machine Learning",
0000013056,"GUSTAVO ADOLFO RAMIREZ GONZALEZ, MARLON FELIPE BURBANO FERNANDEZ",Spectral and SNR improvement analysis of normal and abnormal heart sound signals using different windows,Producción bibliográfica - Artículo - Publicado en revista especializada,True,Países Bajos,Future Generation Computer Systems,0167-739X,Elsevier Science Bv,92,N/A ,438 - 443,2019 ,10.1016/j.future.2018.09.047,"Signal-to-noise ratio, Heart sound, PCG, Spectral leakage",
0000013056,GUSTAVO ADOLFO RAMIREZ GONZALEZ,Preface on special section on cognitive computing for emerging internet of things,Producción bibliográfica - Artículo - Corto (Resumen),True,Suiza,Journal of Supercomputing,1573-0484,Springer Netherlands,76,N/A ,1082 - 1085,2020 ,10.1007/s11227-019-02944-0,"Cognitive, Internet de las Cosas, Internet de Objetos, Internet of things",
0000013056,GUSTAVO ADOLFO RAMIREZ GONZALEZ,Metaheuristic FIR filter with game theory based compression technique- A reliable medical image compression technique for online applications,Producción bibliográfica - Artículo - Publicado en revista especializada,True,Países Bajos,Pattern Recognition Letters,0167-8655,Elsevier Science Bv,125,N/A ,7 - 12,2019 ,10.1016/j.patrec.2019.03.023,"Medical image, Game theory, FIR filter",
0000013056,"ANGELA ROCIO CHANTRE ASTAIZA, GUSTAVO ADOLFO RAMIREZ GONZALEZ",Science Mapping of Tourist Mobility 1980¿2019. Technological Advancements in the Collection of the Data for Tourist Traceability,Producción bibliográfica - Artículo - Publicado en revista especializada,True,Suiza,Sustainability,2071-1050,Multidisciplinary Digital Publishing Institute (MDPI),11,17 ,1 - 32,2019 ,10.3390/su11174738,"mobile, tourist movements, traceability, science mapping, Scientometric, Scientometrics, Citespace, review, bibliometric, Bibliometrics, pedestrian",
0000013056,"RICARDO SALAZAR CABRERA, GUSTAVO ADOLFO RAMIREZ GONZALEZ",Fleet Management and Control System for Medium-Sized Cities Based in Intelligent Transportation Systems: From Review to Proposal in a City,Producción bibliográfica - Artículo - Publicado en revista especializada,True,Suiza,Electronics,2079-9292,Multidisciplinary Digital Publishing Institute (MDPI),9,9 ,1 - 25,2020 ,10.3390/electronics9091383,"ITS enabling technologies, ITS architecture, mass transit, public transport, Intelligent Transportation Systems",
0000013056,"GUSTAVO ADOLFO RAMIREZ GONZALEZ, JUAN PABLO RUIZ ROSERO, CARLOS DAVID RODRIGUEZ PABON",Coffee crop science metric: A review,Producción bibliográfica - Artículo - Publicado en revista especializada,True,Brasil,Coffee Science,1984-3909,Universidade Federal de Lavras,15,N/A ,1 - 11,2020 ,10.25186/.v15i.1693,"Coffee, Agronomy, Science metric, science mapping, Scientometric, ScientoPy",
0000013056,"JUAN PABLO RUIZ ROSERO, GUSTAVO ADOLFO RAMIREZ GONZALEZ","Software survey: ScientoPy, a scientometric tool for topics trend analysis in scientific publications",Producción bibliográfica - Artículo - Publicado en revista especializada,True,Hungría,Scientometrics,1588-2861,Springer Netherlands,121,N/A ,1165 - 1188,2019 ,10.1007/s11192-019-03213-w,"Internet of things, Wildcards, science mapping, Scientometric, Scientometrics, ScientoPy",
0000013056,"JUAN PABLO RUIZ ROSERO, GUSTAVO ADOLFO RAMIREZ GONZALEZ",Masivo: Parallel Simulation Model Based on OpenCL for Massive Public Transportation Systems¿ Routes,Producción bibliográfica - Artículo - Publicado en revista especializada,True,Suiza,Electronics,2079-9292,Multidisciplinary Digital Publishing Institute (MDPI),8,12 ,1 - 34,2019 ,10.3390/electronics8121501,"OpenCL, mass transit, public transport, multi-core, parallel, simulation, Simulación",
0000013056,"MARIO MUNOZ ORGANERO, GUSTAVO ADOLFO RAMIREZ GONZALEZ, CARLOS DELGADO KLOOS, PEDRO MUNOZ MERINO",Analyzing Convergence in e-Learning Resource Filtering Based on ACO Techniques: A Case Study With Telecommunication Engineering Students,Producción bibliográfica - Artículo - Publicado en revista especializada,True,Estados Unidos,IEEE Transactions on Education,0018-9359,IEEE Education Society,99,N/A ,1 -,2009 ,,"E Learning, educational technology, ant colony techniques, swarm intelligence","Educación - Otro, Desarrollo de programas (software) y prestación de servicios en informática - Otras actividades de prestación de servicios en informática"
0000013056,"GUSTAVO ADOLFO RAMIREZ GONZALEZ, MARIO MUNOZ ORGANERO, CARLOS DELGADO KLOOS",IOT early possibilities in learning scenarios,Producción bibliográfica - Artículo - Publicado en revista especializada,True,Suiza,Lecture Notes in Computer Science,0302-9743,Springer-Verlag London Ltd.,4952/2008,N/A ,AP86 - AP90,2008 ,,"E Learning, NFC, RFID, educational technology, computación Ubicua, mobile learning","Desarrollo de programas (software) y prestación de servicios en informática - Otras actividades de prestación de servicios en informática, Educación - Otro, Otros sectores - Informática"
0000013056,"MARIO MUNOZ ORGANERO, GUSTAVO ADOLFO RAMIREZ GONZALEZ, PEDRO MUNOZ MERINO, CARLOS DELGADO KLOOS",A Collaborative Recommender System Based on Space-Time Similarities,Producción bibliográfica - Artículo - Publicado en revista especializada,True,Estados Unidos,IEEE Pervasive Computing,1536-1268,IEEE Computer Society Press,9,3 ,81 - 87,2010 ,,"mobile learning, educational technology, dispositivos moviles, computación Ubicua, RFID, NFC, Internet de Objetos, E Learning, Aprendizaje Colaborativo",
0000013056,"GUSTAVO ADOLFO RAMIREZ GONZALEZ, MARIO MUNOZ ORGANERO, CARLOS DELGADO KLOOS",Exploring Touching Learning Enviroments,Producción bibliográfica - Artículo - Publicado en revista especializada,True,Estados Unidos,IFIP International Federation for Information Processing,1571-5736,Springer-Verlag London Ltd.,281,N/A ,93 - 96,2008 ,,"E Learning, NFC, RFID, computación Ubicua, mobile learning",
0000013056,"TIANXIN CAI, DAVINIA HERNANDEZ-LEO, JAIME CAICEDO GUERRERO, JHON JAIRO IBARRA SAMBONI, FRANCISO ORLANDO MARTINEZ PABON, GUSTAVO ADOLFO RAMIREZ GONZALEZ",Collaborative Learning Orchestration Using Smart Displays and Personal Devices,Producción bibliográfica - Artículo - Publicado en revista especializada,True,Suiza,Lecture Notes in Computer Science,0302-9743,Springer-Verlag London Ltd.,9307,N/A ,596 - 600,2015 ,10.1007/978-3-319-24258-3_67,"CSCL, Classroom orchestration, Devices for seamless learning, Public Displays, Aprendizaje Colaborativo, E Learning, Internet de Objetos, Middleware, Multiscreen, Mutipantalla, Pizarras Interactivas, Smart TV-Smartphone, Smart-TV, mobile learning, educational technology, dispositivos moviles, computación Ubicua",
0000013056,"JHON ALBERTO ASTAIZA PERAFAN, IVAN DARIO CERON MORENO, MIGUEL ANGEL NINO ZAMBRANO, GUSTAVO ADOLFO RAMIREZ GONZALEZ",An information search model for online social Networks-MOBIRSE,Producción bibliográfica - Artículo - Publicado en revista especializada,True,Colombia,Ingenieria e Investigacion,0120-5609,Instituto de Estudios Políticos y Relaciones Internacionales de la Universidad Nacional de Colombia,35,3 ,76 - 83,2015 ,10.15446/ing.investig.v35n3.43991,"Ontologies, User profile, Social Network, Information Retrieval, Search Model",
0000013056,"JUAN PABLO RUIZ ROSERO, GUSTAVO ADOLFO RAMIREZ GONZALEZ","Weaving the Wireless Web: Toward a Low-Power, Dense Wireless Sensor Network for the Industrial IoT",Producción bibliográfica - Artículo - Publicado en revista especializada,True,Estados Unidos,IEEE Microwave Magazine,1527-3342,Institute of Electrical and Electronics Engineers,18,7 ,40 - 63,2017 ,10.1109/MMM.2017.2740738,"Internet de las Cosas, Internet de Objetos, IoT, Embedded System, Sensor, sistemas de adquisición , PID controller, WSN Wireless sensor networks, trazabilidad, Asset Tracking",
0000013056,"JESUS DAVID CERON BRAVO, DIEGO MAURICIO LOPEZ GUTIERREZ, GUSTAVO ADOLFO RAMIREZ GONZALEZ",A mobile system for sedentary behaviors classification based on accelerometer and location data,Producción bibliográfica - Artículo - Publicado en revista especializada,True,Estados Unidos,Computers in Industry,0166-3615,Elsevier Science Bv,92,N/A ,25 - 31,2017 ,10.1016/j.compind.2017.06.005,"Sensor, Accelerometer, Beacons, BLE, Behaviors classification, IoT, Internet de Objetos, Internet de las Cosas, Medical records, movements, recuperación de información, Smart things, Smart environments, Wearable",
0000013056,"DAVID ALEJANDRO SILVA PEDROZA, RICARDO MARIN CALERO, GUSTAVO ADOLFO RAMIREZ GONZALEZ",NFC Evaluation in the Development of Mobile Applications for MICE in Tourism,Producción bibliográfica - Artículo - Publicado en revista especializada,True,Suiza,Sustainability,2071-1050,Multidisciplinary Digital Publishing Institute (MDPI),9,11 ,1 - 20,2017 ,10.3390/su9111937,"Analítica de datos, Android, Aplicaciones móviles, Arquitecturas, Basado en contexto, Ciudades Inteligentes, Comercio Electrónico, dispositivos moviles, Internet de Objetos, Internet de las Cosas, IoT, Marketing Móvil, Middleware, Mobile commerce, Museo, NFC, pervasive computing, QR Codes, Realidad Aumentada, Sensor, Smart things, trazabilidad",
0000013056,"JORGE GOMEZ GOMEZ, GUSTAVO ADOLFO RAMIREZ GONZALEZ, CRISTHIAN NICOLAS FIGUEROA MARTINEZ","Exploring DNS, HTTP, and ICMP Response Time Computations on Brain Signal/Image Databases using a Packet Sniffer Tool",Producción bibliográfica - Artículo - Publicado en revista especializada,True,Estados Unidos,IEEE Access,2169-3536,Ieee Inst Electrical Electronics Engineers Inc,6,N/A ,59672 - 59678,2018 ,10.1109/ACCESS.2018.2870557,"Arquitecturas, Bases de datos, Brain signal, image, Packet sniffer, Wireshark",
0000013056,GUSTAVO ADOLFO RAMIREZ GONZALEZ,Hash Based Encryption for Keyframes of Diagnostic Hysteroscopy,Producción bibliográfica - Artículo - Publicado en revista especializada,True,Estados Unidos,IEEE Access,2169-3536,Ieee Inst Electrical Electronics Engineers Inc,6,N/A ,60160 - 60170,2017 ,10.1109/ACCESS.2017.2762405,"image, Encryption, Cloud computing, Analítica de datos, computación Ubicua, Dataset, Medical records",
0000013056,"GUSTAVO ADOLFO RAMIREZ GONZALEZ, JUAN CARLOS CORRALES MUNOZ, JUAN DAVID RINCON PATINO",Exploring machine learning: A bibliometric general approach using Citespace,Producción bibliográfica - Artículo - Publicado en revista especializada,True,Reino Unido,F1000Research,2046-1402,F1000 Research Ltd.,7,1240 ,1 - 13,2018 ,10.12688/f1000research.15619.1,"Análisis bibliométrico, Analítica de datos, Aprendizaje de máquina, Machine Learning, bibliometric, Clustering, Citespace, science mapping, Scientometric",
0000013056,"ALEJANDRA DUQUE TORRES, CARLOS DAVID RODRIGUEZ PABON, JUAN PABLO RUIZ ROSERO, GISELLE ZAMBRANO GONZALEZ, OSCAR MAURICIO CAICEDO RENDON, MARTHA ISABEL ALMANZA PINZON, GUSTAVO ADOLFO RAMIREZ GONZALEZ",A new environmental monitoring system for silkworm incubators,Producción bibliográfica - Artículo - Publicado en revista especializada,True,Reino Unido,F1000Research,2046-1402,F1000 Research Ltd.,7,248 ,1 - 7,2018 ,10.12688/f1000research.13633.1,"Analítica de datos, Android, Aplicaciones móviles, Arquitecturas, Basado en contexto, Automática, calidad de datos, computación Ubicua, Dataset, dispositivos moviles, Embedded System, Hardware específico, Information Retrieval, Integración de Sistemas, Internet de las Cosas, Internet de Objetos, IoT, location, pervasive computing, PID controller, recuperación de información, Sensor, Smart things, Silkworm, Incubator, Arduino",
0000013056,"GUSTAVO ADOLFO RAMIREZ GONZALEZ, JUAN FRANCISCO MENDOZA MORENO, LUZ HERMENCIA SANTAMARIA GRANADOS",Focal and non-Focal Epilepsy Localisation: A Review,Producción bibliográfica - Artículo - Publicado en revista especializada,True,Estados Unidos,IEEE Access,2169-3536,Ieee Inst Electrical Electronics Engineers Inc,6,N/A ,49306 - 49324,2018 ,10.1109/ACCESS.2018.2867078,"science mapping, Análisis bibliométrico, Analítica de datos, bibliometric, Machine Learning, Aprendizaje de máquina, Epilepsy, Scientometric",
0000013056,"MARIO FERNANDO SOLARTE SARASTY, GUSTAVO ADOLFO RAMIREZ GONZALEZ",Spectral Fault Recovery Analysis Revisited with Normal and Abnormal Heart Sound Signals,Producción bibliográfica - Artículo - Publicado en revista especializada,True,Estados Unidos,IEEE Access,2169-3536,Ieee Inst Electrical Electronics Engineers Inc,6,N/A ,62874 - 62879,2018 ,10.1109/ACCESS.2018.2876119,"Analítica de datos, Internet de las Cosas, Internet de Objetos, IoT, Embedded System, Sensor",
0000013056,"MARLON FELIPE BURBANO FERNANDEZ, GUSTAVO ADOLFO RAMIREZ GONZALEZ",Wearable technology and health: A bibliometric analysis using SciMAT,Producción bibliográfica - Artículo - Publicado en revista especializada,True,Inglaterra,F1000Research,2046-1402,F1000 Research Ltd.,7,1893 ,1 - 8,2018 ,10.12688/f1000research.15622.1,"Analítica de datos, Dataset, Hardware específico, pervasive computing, Wearable, bibliometric, SciMAT, Análisis bibliométrico, science mapping",
0000013056,"GUSTAVO ADOLFO RAMIREZ GONZALEZ, JUAN CARLOS CORRALES MUNOZ, MIGUEL ANGEL MENDOZA MORENO, CARLOS ANDRES GONZALEZ AMARILLO","A Traceability System To Crop Of Seedlings In Greenhouse, Based IoT",Producción bibliográfica - Artículo - Publicado en revista especializada,True,Estados Unidos,IEEE Access,2169-3536,Ieee Inst Electrical Electronics Engineers Inc,6,N/A ,67528 - 67535,2018 ,10.1109/ACCESS.2018.2877293,"Agricultura de precisión, Analítica de datos, Arquitecturas, Internet de Objetos, pervasive computing, Telecomunicaciones, trazabilidad, IoT, Internet de las Cosas, Seedling, Smart things, Arduino",
0000013056,GUSTAVO ADOLFO RAMIREZ GONZALEZ,Convolutional neural network for bio-medical image segmentation with hardware acceleration,Producción bibliográfica - Artículo - Publicado en revista especializada,True,Estados Unidos,Cognitive Systems Research,1389-0417,Elsevier Science,50,N/A ,10 - 14,2018 ,10.1016/j.cogsys.2018.03.005,"Analítica de datos, Convolutional neural network, Sobel, Prewitt, image",
0000013056,GUSTAVO ADOLFO RAMIREZ GONZALEZ,A Medical Records Managing and Securing Blockchain Based System Supported by a Genetic Algorithm and Discrete Wavelet Transform,Producción bibliográfica - Artículo - Publicado en revista especializada,True,Estados Unidos,Cognitive Systems Research,1389-0417,Elsevier Science,52,N/A ,1 - 11,2018 ,10.1016/j.cogsys.2018.05.004,"Blockchain, Cryptography, Genetic Algorithm, Discrete Wavelet Transform, Medical records",
0000013056,"GUSTAVO ADOLFO RAMIREZ GONZALEZ, JUAN CARLOS CORRALES MUNOZ, JUAN DAVID RINCON PATINO",Exploring machine learning: A bibliometric general approach using SciMAT,Producción bibliográfica - Artículo - Publicado en revista especializada,True,Reino Unido,F1000Research,2046-1402,F1000 Research Ltd.,7,1210 ,1 - 16,2018 ,10.12688/f1000research.15620.1,"Análisis bibliométrico, Analítica de datos, Aprendizaje de máquina, IoT, Machine Learning, SciMAT, science mapping",
0000013056,"MARIO FERNANDO SOLARTE SARASTY, GUSTAVO ADOLFO RAMIREZ GONZALEZ, IVAN EDUARDO HERNANDEZ DELGADO",Network Vulnerability Analysis on Brain Signal/Image Databases using Nmap and Wireshark Tools,Producción bibliográfica - Artículo - Publicado en revista especializada,True,Estados Unidos,IEEE Access,2169-3536,Ieee Inst Electrical Electronics Engineers Inc,6,N/A ,57144 - 57151,2018 ,10.1109/ACCESS.2018.2872775,"Brain signal, image, Packet sniffer, Wireshark, Dataset, Bases de datos",
0000013056,GUSTAVO ADOLFO RAMIREZ GONZALEZ,Secure Medical Data Transmission Model for IoT-Based Healthcare Systems,Producción bibliográfica - Artículo - Publicado en revista especializada,True,Estados Unidos,IEEE Access,2169-3536,Ieee Inst Electrical Electronics Engineers Inc,6,N/A ,20596 - 20608,2018 ,10.1109/ACCESS.2018.2817615,"Cryptography, DWT Discrete Wavelet Transform, Encryption, Internet de las Cosas, Internet de Objetos, IoT, Medical records, image, Steganography, Sensor",
0000013056,"MARIO FERNANDO SOLARTE SARASTY, GUSTAVO ADOLFO RAMIREZ GONZALEZ",Clinical Decision Support System for Alcoholism Detection Using the analysis of EEG Signals,Producción bibliográfica - Artículo - Publicado en revista especializada,True,Estados Unidos,IEEE Access,2169-3536,Ieee Inst Electrical Electronics Engineers Inc,6,N/A ,61457 - 61461,2018 ,10.1109/ACCESS.2018.2876135,"Analítica de datos, Arquitecturas, calidad de datos, computación Ubicua, IoT, Sensor, Decision Support System",
0000013056,"DANIEL ALBERTO JARAMILLO MORILLO, MARIO FERNANDO SOLARTE SARASTY, GUSTAVO ADOLFO RAMIREZ GONZALEZ",Follow-Up of Learning Activities in Open edX: A Case Study at the University of Cauca,Producción bibliográfica - Artículo - Publicado en revista especializada,True,Alemania,Lecture Notes in Computer Science,0302-9743,Springer-Verlag London Ltd.,10254,N/A ,217 - 222,2017 ,10.1007/978-3-319-59044-8_26,"Analítica de datos, Dataset, E Learning, Educación, e-Campus, educational technology, MOOC, Tracking",
0000013056,GUSTAVO ADOLFO RAMIREZ GONZALEZ,An effect of big data technology with ant colony optimization based routing in vehicular ad hoc networks: Towards smart cities,Producción bibliográfica - Artículo - Publicado en revista especializada,True,Reino Unido,Journal of Cleaner Production,0959-6526,Elsevier Bv,217,N/A ,584 - 593,2019 ,10.1016/j.jclepro.2019.01.115,"Hadoop, ant colony techniques, smart cities, Big Data, VANET",
0000013056,"MARLON FELIPE BURBANO FERNANDEZ, GUSTAVO ADOLFO RAMIREZ GONZALEZ",An Automated Remote Cloud-Based Heart Rate Variability Monitoring System,Producción bibliográfica - Artículo - Publicado en revista especializada,True,Estados Unidos,IEEE Access,2169-3536,Ieee Inst Electrical Electronics Engineers Inc,6,N/A ,77055 - 77064,2018 ,10.1109/ACCESS.2018.2831209,"Analítica de datos, Arquitecturas, Cloud computing, Internet de las Cosas, Internet de Objetos, IoT, Encryption, Wearable, Sensor",
0000013056,"GUSTAVO ADOLFO RAMIREZ GONZALEZ, MIGUEL ANGEL NINO ZAMBRANO, SANTIAGO GUERRERO NARVAEZ",Test Bed of Semantic Interaction of Smart Objects in the Web of Things,Producción bibliográfica - Artículo - Publicado en revista especializada,True,Suiza,Future Internet,1999-5903,Multidisciplinary Digital Publishing Institute (MDPI),10,5 ,1 - 20,2018 ,10.3390/fi10050042,"Ambientes Integrados de Desarrollo, Analítica de datos, Basado en contexto, Arquitecturas, indexación semántica, Ontologies, pervasive computing, recuperación de información, computación Ubicua, Internet de las Cosas, Internet de Objetos, IoT, Smart things, Arduino",
0000013056,"GISELLE ZAMBRANO GONZALEZ, GUSTAVO ADOLFO RAMIREZ GONZALEZ, MARTHA ISABEL ALMANZA PINZON",The evolution of knowledge in sericultural research as observed through a science mapping approach,Producción bibliográfica - Artículo - Publicado en revista especializada,True,Reino Unido,F1000Research,2046-1402,F1000 Research Ltd.,6,2075 ,1 - 19,2017 ,10.12688/f1000research.12649.1,"science mapping, Análisis bibliométrico, Analítica de datos, bibliometric, Scientometric, Sericulture, Silkworm, Silk, Bombyx mori",
0000013056,"JUAN PABLO RUIZ ROSERO, GUSTAVO ADOLFO RAMIREZ GONZALEZ",Internet of Things: A Scientometric Review,Producción bibliográfica - Artículo - Publicado en revista especializada,True,Suiza,Symmetry,2073-8994,Multidisciplinary Digital Publishing Institute (MDPI),9,12 ,1 - 32,2017 ,10.3390/sym9120301,"science mapping, Análisis bibliométrico, Analítica de datos, Android, Arduino, Arquitecturas, Basado en contexto, bibliometric, Ciudades Inteligentes, Dataset, dispositivos moviles, Internet de las Cosas, Internet de Objetos, IoT, NFC, pervasive computing, PID controller, Public Displays, Publicidad Ubicua, smart cities, Smart things, Wearable, Scientometric, ScientoPy, Smart environments",
0000012963,"RODRIGO ALBERTO CERON MARTINEZ, JUAN C DUENAS, JUAN A DE LA PUENTE",A first assessment of development processes with respect to product lines and component based development,Producción bibliográfica - Artículo - Publicado en revista especializada,True,Alemania,Lecture Notes in Computer Science,0302-9743,Springer-Verlag London Ltd.,1951,,158 - 167,2000 ,,"Procesos de desarrollo software, Líneas de producto, Desarrollo basado en componentes, Proyecto ESAPS, Proyecto PRAISE","Desarrollo de programas (software) y prestación de servicios en informática - Desarrollo de programas (software), Otros sectores - Informática, Desarrollo de programas (software) y prestación de servicios en informática - Otras actividades de prestación de servicios en informática, Fabricación de material electrónico y de aparatos y equipos de comunicación - Fabricación de aparatos y equipos de telecomunicación, Educación - Educación superior"
0000012963,"JOSE L RUIZ, JOSE LUIS ARCINIEGAS, RODRIGO ALBERTO CERON MARTINEZ, JESUS BERMEJO, JUAN C DUENAS",A Framework for Resolution of Deployment Dependencies in Java-Enabled Service Gateways,Producción bibliográfica - Artículo - Publicado en revista especializada,True,Alemania,Lecture Notes in Computer Science,0302-9743,Springer-Verlag London Ltd.,2952,,1 - 11,2004 ,,"Java related technologies, Component based development, Frameworks for developing distributed systems, Design patterns for developing distributed systems","Desarrollo de programas (software) y prestación de servicios en informática - Desarrollo de programas (software), Fabricación de material electrónico y de aparatos y equipos de comunicación - Fabricación de aparatos y equipos de telecomunicación, Fabricación de equipos de instrumentación médico-hospitalarios, instrumentos de precisión y ópticos, equipos para automación industrial, cronómetros y relojes - Otro"
0000012963,"RODRIGO ALBERTO CERON MARTINEZ, JUAN C DUENAS, RAFAEL CAPILLA, JOSE L RUIZ, JESUS BERMEJO, JOSE LUIS ARCINIEGAS, JOSE LUIS ARCINIEGAS HERRERA",Architectural Modelling in Product Family Context,Producción bibliográfica - Artículo - Publicado en revista especializada,True,Alemania,Lecture Notes in Computer Science,0302-9743,Springer-Verlag London Ltd.,3047,,25 - 42,2004 ,,"Product Family Architecture, Unified Modelling Language UML, Product specific derivation, Model Driven Architecture, Video codec product family, Client-server system family","Desarrollo de programas (software) y prestación de servicios en informática - Desarrollo de programas (software), Otros sectores - Informática, Fabricación de material electrónico y de aparatos y equipos de comunicación - Fabricación de aparatos y equipos de telecomunicación"
0000012963,"RODRIGO ALBERTO CERON MARTINEZ, JUAN C DUENAS, RAFAEL CAPILLA, ENRIQUE SERRANO",A Meta-model for Requirements Engineering in System Family Context for Software Process Improvement Using CMMI,Producción bibliográfica - Artículo - Publicado en revista especializada,True,Alemania,Lecture Notes in Computer Science,0302-9743,Springer-Verlag London Ltd.,3547,,173 - 188,2005 ,,"System Family Engineering, Requirements Engineering, Capability Maturity Model Integration CMMI, Business, Architecture, Process and Organization f, Software Process Engineering Metamodel (SPEM)","Desarrollo de programas (software) y prestación de servicios en informática - Desarrollo de programas (software), Otros sectores - Informática, Fabricación de material electrónico y de aparatos y equipos de comunicación - Fabricación de aparatos y equipos de telecomunicación"
0000012963,"RODRIGO ALBERTO CERON MARTINEZ, FLAVIO ANDRES MARTINEZ ERAZO, JOSE WILMER CASTILLO OBANDO",Arquitectura base de un navegador DVB-HTML para múltiples plataformas,Producción bibliográfica - Artículo - Publicado en revista especializada,True,Ecuador,Tendencias,0124-8693,Universidad De Narino,3,3 ,100 - 105,2009 ,,"Televisión digital interactiva, DVB, DVB-HTML, MHP, t-learning, WWW, Architecture",
